topic,time_ns
Baseline,14626750
Baseline,2104292
Baseline,2681459
Baseline,3684500
Baseline,3850458
Baseline,4484708
Baseline,3184458
Baseline,4443208
Baseline,3600209
Baseline,1950625
Lotus,10331583
Baseline,3581292
Baseline,3910042
Baseline,3513750
Baseline,4637833
Baseline,3726792
Baseline,3148584
Lotus,8277292
Baseline,4105583
Baseline,3686375
Baseline,4662042
Baseline,1745500
Baseline,1770917
Baseline,2164666
Baseline,2447000
Baseline,3003208
Lotus,9193708
Baseline,1844833
Lotus,5953291
Baseline,5330208
Lotus,11954708
Baseline,1876958
Baseline,2656625
Baseline,3016292
Baseline,3438417
Baseline,31642584
Baseline,6083500
Lotus,11384584
Baseline,2409125
Baseline,2517083
Baseline,2128250
Lotus,6598417
Baseline,7727875
Lotus,13516834
Baseline,8318333
Lotus,22422792
Baseline,1894625
Lotus,5970000
Baseline,2458833
Lotus,6539375
Baseline,4462542
Baseline,9620083
Lotus,14216208
Baseline,3459375
Baseline,5100500
Baseline,5842666
Baseline,5079583
Lotus,15379667
Baseline,4839167
Baseline,5862333
Baseline,3658208
Baseline,8385250
Lotus,18379541
Baseline,3084583
Baseline,3185042
Lotus,8734750
Baseline,5049708
Baseline,4833542
Baseline,5719500
Lotus,14527708
Baseline,3425958
Lotus,13225750
Baseline,4115292
Baseline,2345417
Baseline,6224250
Baseline,2770166
Lotus,9137416
Baseline,2791875
Baseline,7426208
Baseline,4986041
Baseline,3812542
Baseline,6444208
Baseline,6375292
Baseline,5680625
Baseline,3150917
Baseline,7955666
Baseline,3206625
Baseline,5359708
Baseline,4149333
Baseline,4891708
Baseline,3977667
Baseline,8172750
Baseline,3049625
Lotus,13151667
Baseline,8727875
Baseline,3531959
Baseline,4402625
Baseline,5779000
Baseline,6070458
Baseline,5414209
Baseline,4844125
Lotus,14345333
Baseline,6388916
Lotus,16011208
Baseline,3610125
Baseline,5268667
Baseline,3469375
Baseline,3358917
Baseline,4152250
Baseline,3343250
Baseline,4292667
Lotus,13755125
Baseline,4317958
Lotus,13326083
Baseline,2587458
Baseline,4948167
Baseline,2432125
Baseline,2943583
Baseline,4830792
Baseline,1349250
Baseline,1406208
Baseline,1567833
Baseline,1746250
Baseline,2844750
Baseline,4470291
Lotus,13367208
Baseline,3917167
Lotus,11271625
Baseline,4684750
Baseline,4956416
Baseline,4543459
Baseline,4623500
Baseline,6219833
Lotus,16958875
Baseline,3828667
Baseline,3322458
Baseline,4229708
Baseline,3938917
Baseline,2498416
Baseline,6124167
Baseline,4958583
Baseline,3718916
Baseline,3245083
Baseline,9245041
Baseline,1404042
Baseline,1977125
Baseline,3052334
Lotus,10530334
Baseline,3438416
Baseline,2155584
Baseline,3323333
Baseline,3407542
Baseline,2989500
Baseline,1361417
Baseline,56830042
Lotus,60739500
Baseline,3579833
Baseline,2824250
Baseline,4478833
Baseline,2892708
Baseline,1278000
Baseline,1611042
Baseline,2639125
Lotus,10443334
Baseline,5732625
Baseline,4372542
Lotus,13752042
Baseline,6379750
Baseline,2643416
Baseline,3009917
Lotus,15453792
Baseline,4677375
Baseline,4532584
Baseline,6342250
Baseline,4733333
Lotus,14256792
Baseline,5342209
Baseline,3545250
Baseline,2794083
Baseline,2482000
Baseline,4258542
Baseline,3385125
Baseline,4800083
Baseline,3153792
Lotus,12050292
Baseline,3270458
Baseline,3288250
Lotus,13074958
Baseline,4771584
Lotus,14229125
Baseline,2938916
Lotus,14800625
Baseline,4660292
Baseline,3652209
Baseline,5507000
Lotus,20294708
Baseline,2336167
Baseline,4780500
Baseline,3462167
Baseline,1916084
Baseline,1206875
Baseline,1853667
Baseline,3791375
Baseline,3218625
Baseline,4037750
Baseline,4039042
Baseline,37564875
Baseline,2730792
Baseline,7748292
Baseline,1358625
Baseline,4111417
Lotus,10503125
Baseline,2067667
Baseline,2820666
Baseline,3593833
Lotus,13091625
Baseline,2688666
Baseline,2740958
Baseline,1683083
Baseline,2501250
Lotus,9047625
Baseline,3941250
Baseline,3264292
Baseline,5362083
Lotus,12997458
Baseline,4061250
Baseline,1699083
Lotus,7321500
Baseline,1384709
Baseline,2148416
Baseline,4597166
Baseline,3990875
Baseline,3734500
Baseline,3677541
Baseline,4143916
Baseline,5618208
Baseline,4436833
Baseline,3204000
Baseline,2887000
Baseline,17358541
Baseline,1560625
Baseline,2578500
Baseline,2782708
Baseline,3022000
Baseline,2730500
Baseline,2665500
Baseline,5383250
Baseline,4990417
Lotus,15533834
Baseline,4181291
Baseline,3388292
Lotus,11643167
Baseline,3942500
Baseline,3417458
Baseline,3192125
Baseline,3987333
Baseline,4953250
Baseline,2900333
Baseline,4062125
Lotus,15634042
Baseline,7904583
Baseline,4660916
Lotus,14000208
Baseline,2721958
Baseline,4344584
Baseline,1874208
Lotus,6081291
Baseline,3549000
Baseline,8365125
Baseline,4301625
Baseline,2584708
Baseline,4583667
Lotus,15128459
Baseline,4264834
Baseline,52217708
Lotus,59102875
Baseline,3294625
Baseline,4740667
Lotus,13019833
Baseline,3245792
Baseline,4983791
Baseline,4718708
Baseline,5319292
Baseline,4476334
Baseline,4374375
Baseline,3531708
Baseline,4350125
Baseline,4147459
Baseline,4076166
Baseline,3072875
Baseline,4433875
Baseline,4829208
Baseline,1283833
Baseline,1909459
Baseline,4427792
Baseline,2767417
Lotus,15180000
Baseline,4452125
Baseline,4461875
Baseline,1175417
Baseline,1158459
Baseline,1566250
Lotus,5687667
Baseline,2159583
Baseline,4178125
Baseline,3909625
Baseline,5952500
Baseline,3140791
Baseline,4433667
Lotus,13663292
Baseline,22779750
Lotus,29525917
Baseline,1051958
Lotus,4536875
Baseline,1086250
Baseline,1246542
Lotus,5036708
Baseline,2650208
Baseline,2811125
Lotus,9146292
Baseline,5602917
Baseline,4559333
Baseline,2306625
Lotus,8685209
Baseline,2673916
Baseline,5157500
Baseline,3450833
Baseline,3773417
Baseline,3541083
Baseline,3578709
Baseline,2608458
Baseline,66387541
Baseline,5024042
Baseline,2542666
Baseline,3222583
Baseline,3032625
Baseline,3588709
Baseline,3600792
Baseline,4029208
Baseline,5383750
Baseline,4274625
Lotus,12638625
Baseline,3782500
Baseline,4389916
Baseline,2476250
Baseline,2501541
Baseline,3171834
Baseline,1746333
Baseline,2481000
Lotus,9587958
Baseline,2659458
Baseline,2255250
Baseline,2683458
Baseline,3265917
Baseline,3751042
Baseline,2941667
Baseline,4858916
Baseline,7227166
Baseline,2658250
Baseline,1717208
Baseline,5107625
Lotus,16063875
Baseline,2707125
Baseline,1078333
Baseline,1339000
Baseline,1800917
Lotus,6655250
Baseline,2091417
Baseline,7238042
Lotus,13916917
Baseline,1685833
Baseline,1972083
Baseline,3129583
Baseline,1821459
Baseline,2504458
Lotus,9089875
Baseline,3687750
Baseline,6941125
Baseline,3437125
Lotus,11381083
Baseline,3084500
Baseline,3655875
Baseline,2999417
Baseline,2685833
Baseline,3764167
Baseline,1949084
Baseline,64224458
Baseline,3035625
Baseline,1856917
Baseline,2420459
Baseline,2458500
Baseline,4134958
Baseline,1862583
Baseline,1880292
Baseline,3610583
Baseline,3135000
Baseline,2553166
Baseline,2209417
Lotus,8663042
Baseline,2274417
Baseline,3842083
Lotus,12990708
Baseline,2968500
Baseline,44642791
Baseline,2293625
Baseline,2618333
Baseline,3002750
Baseline,2235041
Baseline,2008459
Lotus,7005042
Baseline,2548875
Baseline,1902625
Baseline,1784250
Baseline,2795958
Baseline,2128125
Baseline,2132209
Baseline,2572458
Baseline,4023084
Baseline,2972458
Baseline,3741584
Baseline,1697500
Baseline,2414292
Baseline,1589292
Baseline,2284000
Baseline,3754583
Lotus,9802750
Baseline,3408958
Baseline,2167000
Lotus,7160583
Baseline,2081625
Baseline,1702667
Baseline,2081708
Baseline,1337083
Lotus,8525958
Baseline,1922916
Baseline,2246041
Baseline,2247167
Baseline,3421583
Baseline,1798709
Lotus,10466959
Baseline,5227916
Baseline,1100375
Lotus,8777625
Baseline,1570167
Baseline,2598875
Baseline,2133875
Lotus,9199667
Baseline,1430583
Baseline,2240917
Baseline,7181875
Lotus,13978334
Baseline,3651875
Baseline,3269708
Lotus,11932958
Baseline,3015041
Baseline,3239500
Lotus,13491750
Baseline,2233042
Baseline,3649166
Baseline,4927834
Baseline,4617125
Baseline,3863791
Baseline,1179208
Baseline,1853042
Baseline,2577834
Baseline,3724791
Baseline,2941875
Lotus,11169000
Baseline,3676042
Lotus,16499208
Baseline,1727042
Baseline,1645416
Baseline,2114042
Lotus,9003709
Baseline,4825834
Lotus,10949125
Baseline,2065583
Baseline,1686958
Baseline,2821708
Baseline,34034542
Baseline,3300208
Baseline,2661834
Baseline,3343041
Baseline,2303291
Baseline,1804916
Baseline,1728417
Baseline,1573291
Baseline,2066792
Baseline,5375708
Baseline,1019416
Baseline,1119000
Baseline,2174500
Baseline,1718417
Lotus,7128292
Baseline,2184583
Baseline,1873666
Lotus,7047500
Baseline,1268083
Baseline,2400959
Baseline,2192209
Baseline,2514083
Lotus,10550792
Baseline,1898625
Baseline,1617875
Baseline,1858834
Baseline,2735041
Baseline,1494166
Lotus,6740875
Baseline,1677542
Baseline,2413291
Baseline,1070125
Baseline,1039666
Baseline,2954917
Lotus,10074292
Baseline,4557208
Lotus,11459000
Baseline,3640459
Baseline,2737875
Baseline,2886708
Baseline,3205875
Baseline,2092166
Baseline,1515083
Baseline,2454792
Baseline,1791250
Baseline,1899792
Baseline,2548292
Baseline,2480041
Lotus,8883833
Baseline,1814041
Baseline,1752083
Lotus,6390458
Baseline,1552292
Lotus,6174583
Baseline,1891625
Baseline,2472958
Baseline,2038625
Baseline,963541
Baseline,1359792
Baseline,2968417
Baseline,2040000
Lotus,7490917
Baseline,4547750
Lotus,11847000
Baseline,2544208
Baseline,3334125
Baseline,4802875
Baseline,2935417
Baseline,2629458
Baseline,3072167
Baseline,2038833
Baseline,3685166
Baseline,4036167
Baseline,2273541
Baseline,3601500
Lotus,9689250
Baseline,2030875
Baseline,2774542
Baseline,2812375
Baseline,4827584
Lotus,12926042
Baseline,3152250
Baseline,2406958
Baseline,3388375
Baseline,3126125
Baseline,3781542
Baseline,2505292
Lotus,8651375
Baseline,2629667
Lotus,7384375
Baseline,3677083
Baseline,2614333
Baseline,2296709
Baseline,3759834
Baseline,4096292
Lotus,12103584
Baseline,3570875
Baseline,5940500
Baseline,2076917
Lotus,9072834
Baseline,5594208
Baseline,999417
Lotus,4252542
Baseline,1028375
Baseline,1252167
Lotus,5344917
Baseline,1086792
Baseline,2337292
Baseline,2665125
Baseline,1637167
Baseline,3213917
Baseline,2311541
Lotus,9418166
Baseline,3922000
Baseline,2237709
Baseline,2251666
Baseline,2124167
Baseline,1890708
Baseline,1913542
Baseline,1474542
Baseline,2528125
Lotus,8754458
Baseline,2713292
Baseline,2548958
Baseline,3262833
Baseline,2139708
Baseline,2495459
Baseline,2504375
Baseline,2027458
Baseline,1770375
Baseline,1877958
Baseline,2624833
Baseline,2467250
Baseline,2558667
Baseline,3402208
Baseline,2513250
Lotus,9653875
Baseline,2051500
Baseline,1790500
Baseline,4806709
Baseline,3388083
Lotus,12026250
Baseline,12015417
Baseline,2229209
Baseline,1665083
Baseline,2715958
Baseline,3045709
Baseline,3397084
Baseline,2253375
Baseline,3643666
Baseline,3458250
Baseline,2908291
Baseline,1776083
Baseline,2132792
Baseline,3472583
Lotus,13501417
Baseline,1688125
Baseline,1548458
Baseline,1579166
Baseline,2498500
Lotus,12207458
Baseline,1608916
Baseline,2173875
Baseline,1488709
Baseline,1828000
Baseline,2649625
Baseline,1874791
Baseline,1468959
Baseline,2099791
Baseline,2441583
Baseline,1338167
Lotus,7076209
Baseline,1576208
Baseline,2026875
Baseline,2471375
Baseline,2254250
Baseline,1685917
Lotus,6475125
Baseline,2141041
Baseline,1859125
Lotus,8082375
Baseline,2986209
Baseline,2344667
Lotus,8091583
Baseline,2346875
Baseline,3391291
Baseline,2317875
Lotus,8743834
Baseline,4384583
Baseline,2335458
Baseline,2060500
Baseline,2655833
Baseline,2110417
Baseline,2357500
Baseline,1115416
Baseline,1099500
Lotus,5215292
Baseline,1626000
Baseline,4698292
Baseline,1981833
Baseline,3806459
Baseline,1988292
Baseline,4363291
Baseline,2544583
Baseline,2464000
Lotus,9360292
Baseline,2367667
Baseline,1808709
Baseline,2184333
Baseline,2370625
Baseline,1835334
Baseline,2734667
Baseline,1349875
Baseline,958333
Baseline,1240083
Baseline,1804417
Baseline,1391917
Baseline,2985875
Baseline,4271000
Baseline,2729708
Baseline,5008542
Baseline,2455875
Baseline,2430375
Baseline,1593750
Baseline,2537292
Baseline,1757000
Baseline,2317084
Baseline,4436917
Baseline,2710209
Lotus,10020125
Baseline,2864750
Baseline,2514333
Baseline,1919042
Baseline,2139584
Baseline,1540792
Lotus,5556959
Baseline,3966167
Lotus,11757500
Baseline,2687291
Baseline,2052917
Baseline,1721125
Baseline,3397500
Lotus,12940583
Baseline,3493625
Baseline,2366834
Baseline,1499458
Baseline,1395959
Lotus,4260042
Baseline,1587167
Baseline,2333125
Baseline,1843917
Baseline,3097291
Baseline,2414792
Lotus,7104834
Baseline,1676250
Baseline,2177500
Baseline,1506333
Baseline,3123083
Baseline,2703250
Baseline,1654959
Baseline,12502417
Baseline,6562458
Lotus,12481458
Baseline,2143125
Baseline,2560000
Baseline,10356083
Baseline,2645042
Baseline,1741125
Baseline,2289375
Lotus,8218958
Baseline,2409291
Baseline,2360208
Baseline,2256042
Baseline,2670292
Baseline,1948333
Baseline,2268667
Lotus,7025208
Baseline,2010916
Baseline,2063791
Baseline,2485334
Lotus,6309625
Baseline,2019125
Baseline,1829833
Baseline,2678833
Baseline,4783000
Baseline,2930333
Baseline,1757625
Baseline,3498250
Baseline,2207542
Baseline,2187417
Baseline,2390000
Baseline,1958500
Baseline,1634125
Baseline,3772250
Baseline,3447125
Baseline,2593875
Lotus,5788000
Baseline,2678833
Baseline,14165959
Baseline,1857292
Baseline,2029125
Baseline,2972917
Lotus,6653334
Baseline,2344750
Baseline,2628667
Baseline,3340458
Baseline,3821541
Lotus,9803375
Baseline,2795667
Baseline,2414250
Baseline,1858959
Lotus,5091625
Baseline,59384084
Baseline,1647791
Lotus,4990083
Baseline,2051875
Baseline,1982750
Baseline,1893500
Baseline,3005958
Baseline,2579708
Baseline,2423292
Baseline,5517875
Baseline,2024833
Baseline,1852667
Lotus,8133000
Baseline,2696042
Baseline,1770542
Lotus,6183750
Baseline,6498042
Lotus,15394834
Baseline,2493583
Baseline,2025916
Lotus,6669916
Baseline,13784667
Baseline,2756208
Baseline,3077625
Baseline,1258625
Baseline,2404208
Baseline,2372958
Baseline,1939584
Baseline,2580792
Baseline,2468125
Baseline,2147583
Baseline,2265916
Lotus,7898458
Baseline,1687417
Baseline,2431792
Baseline,2690666
Baseline,2127500
Baseline,2368667
Lotus,10388458
Baseline,1809541
Baseline,3468000
Baseline,2061916
Lotus,5123041
Baseline,2091833
Baseline,1829292
Baseline,2665834
Baseline,1708000
Baseline,1974625
Baseline,1818583
Baseline,2713500
Baseline,1568917
Baseline,2431000
Lotus,7057667
Baseline,3247917
Baseline,1058000
Baseline,1007625
Baseline,1822250
Lotus,5375250
Baseline,1655583
Baseline,2493459
Baseline,2059708
Baseline,4574792
Baseline,1720250
Baseline,8772416
Lotus,13198416
Baseline,1690250
Baseline,9717792
Baseline,3322209
Lotus,7318042
Baseline,3639958
Lotus,11198333
Baseline,9918792
Baseline,2284916
Lotus,5863625
Baseline,2314375
Lotus,5481584
Baseline,2181792
Lotus,5823417
Baseline,1682375
Lotus,5977959
Baseline,2284458
Baseline,12326542
Lotus,15249959
Baseline,2031291
Baseline,1076625
Baseline,1307125
Baseline,1718834
Baseline,3499542
Baseline,1581959
Baseline,2855000
Baseline,2191792
Baseline,1849416
Lotus,5208500
Baseline,1693250
Baseline,2045709
Baseline,1604458
Baseline,2077583
Baseline,1694042
Baseline,1168292
Lotus,4057459
Baseline,2599083
Baseline,1778375
Lotus,5281375
Baseline,1966667
Baseline,2108541
Baseline,1739458
Baseline,2009834
Baseline,1885959
Baseline,2120583
Lotus,7365541
Baseline,1775833
Baseline,1696125
Baseline,2473917
Baseline,2140834
Lotus,6712792
Baseline,2091875
Baseline,2706083
Baseline,1763083
Lotus,8928833
Baseline,1896083
Lotus,9932000
Baseline,2045708
Baseline,2554125
Baseline,3441000
Baseline,2172416
Baseline,2125167
Baseline,2499458
Lotus,10748208
Baseline,2740667
Baseline,4881500
Baseline,3411083
Baseline,5993334
Baseline,1323917
Baseline,2225583
Baseline,1567166
Lotus,7727916
Baseline,2363458
Baseline,1219042
Baseline,8703584
Lotus,25745542
Baseline,1368709
Baseline,1010792
Baseline,2408500
Baseline,8493000
Baseline,1366834
Baseline,1988542
Baseline,2284250
Lotus,9682917
Baseline,12063042
Lotus,18086583
Baseline,976750
Baseline,2196875
Baseline,1457416
Baseline,2601375
Baseline,2852709
Lotus,10317584
Baseline,2606875
Baseline,3299042
Baseline,2839375
Lotus,10429000
Baseline,1987292
Baseline,1580208
Baseline,1853500
Baseline,1919625
Baseline,1204042
Lotus,5179833
Baseline,2262583
Baseline,1690958
Baseline,1560209
Baseline,1380791
Baseline,2454834
Baseline,1964791
Baseline,1632750
Lotus,7225458
Baseline,1383583
Baseline,1933125
Baseline,1839250
Baseline,2438542
Lotus,5703583
Baseline,1682041
Lotus,4726000
Baseline,926208
Baseline,2296291
Baseline,2009542
Baseline,1138709
Baseline,3279083
Baseline,1424083
Baseline,8016042
Baseline,1477875
Baseline,3650750
Lotus,9216875
Baseline,1405667
Baseline,2087541
Baseline,2118167
Lotus,6986584
Baseline,1687292
Lotus,5362125
Baseline,2237959
Lotus,5389250
Baseline,1566792
Lotus,4947834
Baseline,3833417
Baseline,3681916
Baseline,2152333
Baseline,3015125
Lotus,6590584
Baseline,1872500
Lotus,6227791
Baseline,4982458
Lotus,8227500
Baseline,2548042
Baseline,2046333
Baseline,2355125
Baseline,1874250
Baseline,1577500
Lotus,4328125
Baseline,2136333
Baseline,2540292
Baseline,6049459
Lotus,12090000
Baseline,4138875
Baseline,1838542
Baseline,1724750
Lotus,30768000
Baseline,16955166
Baseline,65038500
Baseline,49982875
Baseline,1422166
Baseline,2931542
Baseline,2858000
Lotus,7304750
Baseline,2321917
Baseline,1303958
Baseline,3728167
Baseline,1491208
Baseline,5148875
Baseline,1574875
Baseline,2461625
Baseline,1436625
Baseline,7409875
Baseline,3603000
Baseline,2648166
Baseline,1520459
Baseline,2179709
Lotus,6147292
Baseline,1462167
Baseline,1578042
Lotus,5076500
Baseline,2908209
Baseline,6672542
Baseline,2047667
Baseline,2539833
Baseline,2099958
Baseline,1849125
Baseline,1505834
Baseline,1846125
Baseline,963417
Lotus,5528417
Baseline,2662959
Baseline,3752000
Lotus,10902875
Baseline,2132791
Lotus,5553916
Baseline,1957667
Baseline,1412291
Lotus,6131541
Baseline,12236875
Baseline,1568959
Baseline,1480375
Baseline,1854209
Baseline,1337583
Baseline,1942459
Baseline,1735125
Baseline,7214667
Baseline,2090541
Lotus,7868708
Baseline,1768250
Baseline,1790459
Baseline,2139292
Baseline,1718084
Baseline,1923042
Lotus,8066084
Baseline,1470584
Baseline,1563334
Baseline,2208709
Baseline,1442916
Baseline,2759625
Baseline,1448416
Baseline,1692333
Baseline,36217542
Baseline,1337125
Baseline,1843083
Baseline,1500625
Baseline,1544417
Baseline,1718334
Baseline,1667292
Baseline,1946875
Baseline,2056917
Lotus,5577292
Baseline,1283542
Baseline,2771709
Baseline,1821125
Baseline,2556917
Baseline,1502708
Baseline,3126500
Baseline,1522833
Baseline,2291666
Lotus,10108916
Baseline,1521625
Baseline,1157542
Baseline,1198708
Baseline,7140958
Baseline,1943500
Baseline,1662875
Baseline,3104750
Baseline,1750417
Lotus,9470042
Baseline,2364375
Baseline,2692208
Baseline,1222125
Baseline,1379250
Baseline,1484334
Baseline,20136084
Baseline,945291
Lotus,5147750
Baseline,2013083
Baseline,1262500
Baseline,2054875
Lotus,9245167
Baseline,1621167
Baseline,1713292
Baseline,1579167
Baseline,1241958
Baseline,1303458
Baseline,2579833
Baseline,2012834
Lotus,9839834
Baseline,1709000
Baseline,1600000
Lotus,6231625
Baseline,2467250
Lotus,9402333
Baseline,1661542
Lotus,7035292
Baseline,2079709
Lotus,7989459
Baseline,5614167
Baseline,2200709
Lotus,9394084
Baseline,1300959
Baseline,2088041
Baseline,2731833
Baseline,1740042
Baseline,2691000
Lotus,11473000
Baseline,2337084
Baseline,1908916
Baseline,1575709
Baseline,1756708
Baseline,1567208
Baseline,1417542
Lotus,4365500
Baseline,2489791
Baseline,1183750
Baseline,1656459
Lotus,4544167
Baseline,1444500
Baseline,1875542
Baseline,1928208
Baseline,1893250
Baseline,2100500
Lotus,10361916
Baseline,1092375
Baseline,1173917
Baseline,2465792
Baseline,1590667
Baseline,2143167
Baseline,1656750
Baseline,2110625
Baseline,2028375
Baseline,7814958
Baseline,2278792
Baseline,2322875
Baseline,1666625
Baseline,1284792
Baseline,78214958
Baseline,2256917
Baseline,2169625
Baseline,1250958
Baseline,1551916
Baseline,2090250
Baseline,1272375
Baseline,1975209
Baseline,2052958
Baseline,2211167
Baseline,1479042
Baseline,2114625
Baseline,2906000
Lotus,12434417
Baseline,1998875
Baseline,879375
Baseline,993167
Baseline,2582792
Baseline,3835458
Baseline,2767667
Baseline,1700166
Lotus,7282250
Baseline,1835833
Baseline,1723875
Baseline,1928958
Baseline,2022167
Baseline,1511041
Baseline,2218458
Baseline,2744541
Baseline,2057375
Lotus,8249292
Baseline,2878959
Baseline,1945708
Lotus,8594458
Baseline,2978583
Lotus,8400542
Baseline,1958791
Lotus,5169541
Baseline,1204166
Lotus,4974333
Baseline,3868917
Baseline,2439541
Baseline,1268208
Lotus,4681500
Baseline,1821167
Lotus,5157500
Baseline,2179375
Baseline,2276750
Lotus,6893125
Baseline,1648333
Baseline,2310083
Baseline,2000250
Baseline,1177459
Baseline,1886250
Baseline,1685042
Baseline,2231084
Baseline,3169000
Lotus,9400667
Baseline,2199500
Baseline,2198583
Baseline,1664917
Baseline,2149250
Lotus,7957875
Baseline,1717750
Lotus,10425959
Baseline,2283417
Lotus,8896542
Baseline,2644166
Lotus,9863000
Baseline,1952375
Lotus,10522000
Baseline,1514000
Baseline,2335041
Baseline,1838750
Baseline,1208791
Baseline,1754291
Baseline,2233667
Baseline,2344458
Lotus,8738375
Baseline,2520666
Lotus,12405208
Baseline,2901792
Lotus,10407875
Baseline,3320833
Lotus,13447208
Baseline,2249916
Baseline,2827875
Baseline,2418042
Baseline,1740083
Baseline,2713083
Baseline,3366125
Baseline,2572208
Baseline,2656625
Baseline,2164625
Baseline,2682250
Baseline,3320750
Lotus,10471292
Baseline,2135708
Baseline,1770584
Baseline,2838250
Baseline,2241250
Baseline,2508916
Lotus,10936250
Baseline,3128541
Baseline,1810000
Baseline,2381375
Baseline,1694292
Baseline,1711417
Baseline,2882250
Baseline,1889708
Lotus,4965125
Baseline,1212875
Lotus,3783167
Baseline,2343542
Baseline,1612334
Baseline,1812667
Baseline,1146375
Baseline,1828000
Lotus,5686000
Baseline,2037125
Baseline,1920583
Baseline,50988750
Baseline,1916208
Baseline,2466625
Lotus,10614333
Baseline,2305292
Lotus,11017709
Baseline,2811542
Baseline,2302792
Baseline,2838083
Baseline,2628958
Baseline,3821666
Baseline,1117000
Baseline,1336375
Lotus,6125250
Baseline,1188000
Baseline,1625750
Baseline,2411250
Baseline,1647875
Baseline,1618916
Baseline,2206458
Lotus,9593083
Baseline,2160458
Baseline,1666917
Baseline,2035167
Baseline,1164834
Baseline,1484500
Baseline,1263667
Baseline,3022667
Lotus,9647000
Baseline,1580125
Baseline,1599458
Baseline,3228208
Lotus,12281666
Baseline,1936958
Lotus,9959667
Baseline,1392500
Lotus,6510583
Baseline,2548875
Baseline,2708125
Baseline,3126375
Lotus,13669166
Baseline,2685708
Baseline,2002375
Baseline,1848291
Baseline,2242875
Baseline,1170000
Baseline,1616292
Lotus,9090417
Baseline,1564750
Lotus,7497541
Baseline,2142125
Baseline,2004750
Baseline,1756833
Baseline,3188167
Baseline,3159750
Lotus,9604666
Baseline,2054666
Baseline,1652417
Baseline,1748750
Baseline,1436542
Baseline,1641667
Lotus,4208917
Baseline,1912708
Baseline,1693833
Baseline,1737625
Baseline,1874917
Lotus,5870500
Baseline,2723250
Lotus,9375792
Baseline,1909125
Baseline,1983375
Baseline,1202375
Baseline,2190459
Baseline,2015292
Baseline,1768167
Baseline,1596250
Baseline,1492750
Baseline,2426666
Baseline,2081625
Baseline,1275875
Baseline,1839083
Lotus,8230500
Baseline,1997666
Lotus,8776250
Baseline,1966583
Baseline,822875
Baseline,1808500
Baseline,2687667
Baseline,2622125
Baseline,2187041
Baseline,2047833
Lotus,11199041
Baseline,2670166
Baseline,2393834
Baseline,2118583
Baseline,1740500
Baseline,2638917
Baseline,1806709
Baseline,2997917
Baseline,2125459
Baseline,2734583
Lotus,8504125
Baseline,2786250
Baseline,2891708
Lotus,12031000
Baseline,2372375
Baseline,2887875
Baseline,2082125
Baseline,2169000
Baseline,2310083
Lotus,8382875
Baseline,1252959
Baseline,2001083
Lotus,8941250
Baseline,2825166
Baseline,2140209
Baseline,1974166
Baseline,984791
Baseline,966084
Baseline,1492375
Lotus,5419583
Baseline,1302625
Baseline,1834416
Baseline,1513584
Lotus,4191459
Baseline,1173584
Baseline,5526333
Baseline,2078916
Lotus,5016458
Baseline,1246750
Baseline,1771834
Baseline,2744291
Baseline,2908125
Baseline,2238625
Lotus,10096500
Baseline,2916834
Lotus,12438917
Baseline,2379209
Baseline,2165083
Baseline,2837042
Baseline,2541542
Baseline,2250000
Baseline,2611000
Lotus,9996625
Baseline,3077333
Lotus,10869208
Baseline,1611084
Baseline,1386334
Lotus,6277667
Baseline,2761041
Baseline,1670542
Lotus,6406709
Baseline,1727417
Baseline,3109750
Baseline,1785542
Baseline,3098125
Baseline,2775167
Lotus,90099250
Baseline,746333
Baseline,1424667
Baseline,1564667
Baseline,1678208
Baseline,2989625
Baseline,3164500
Lotus,8829667
Baseline,2779416
Baseline,1595125
Lotus,6379791
Baseline,2671791
Lotus,9426250
Baseline,4135375
Baseline,2019375
Lotus,10289584
Baseline,2055583
Baseline,3134875
Baseline,1786250
Baseline,2965750
Lotus,11130958
Baseline,4326250
Baseline,1723417
Baseline,1921292
Baseline,1639792
Lotus,7890000
Baseline,1837167
Baseline,2517625
Baseline,2105833
Baseline,1890708
Baseline,2189542
Baseline,986292
Lotus,4762750
Baseline,1615500
Baseline,1440417
Baseline,1591834
Baseline,1105750
Lotus,4341208
Baseline,1462750
Baseline,1199042
Baseline,2946417
Baseline,1277458
Baseline,2013542
Baseline,1853625
Baseline,1874334
Lotus,9347834
Baseline,1864167
Baseline,2627667
Baseline,2762042
Baseline,1965250
Baseline,2431291
Baseline,2263750
Baseline,2694500
Baseline,2419625
Baseline,2482459
Baseline,1877792
Baseline,1538500
Baseline,1171792
Baseline,1664500
Lotus,7032083
Baseline,1714875
Baseline,2045542
Baseline,1909583
Baseline,3074375
Baseline,3092208
Baseline,2444417
Baseline,3172083
Baseline,1913583
Baseline,2608208
Baseline,2895291
Baseline,875333
Baseline,1086167
Baseline,2337083
Baseline,2985708
Baseline,2065958
Baseline,1477542
Baseline,2111791
Baseline,1529292
Lotus,6063333
Baseline,1620958
Baseline,1388875
Baseline,1663708
Lotus,8434666
Baseline,2197417
Baseline,1767541
Baseline,2812042
Baseline,2427500
Baseline,2089709
Baseline,1716583
Baseline,2023792
Baseline,2030500
Baseline,1524042
Lotus,5593875
Baseline,2519917
Lotus,9518625
Baseline,2073834
Baseline,1451709
Lotus,4378875
Baseline,1593333
Baseline,1258250
Lotus,3821333
Baseline,1687667
Baseline,1199334
Baseline,1711792
Baseline,1908084
Baseline,1296083
Baseline,1883917
Baseline,1114459
Baseline,1379750
Baseline,1351834
Baseline,2598375
Lotus,9290709
Baseline,1528167
Baseline,1094750
Lotus,5162208
Baseline,1898125
Baseline,1329291
Baseline,1960000
Baseline,1652333
Baseline,1247042
Baseline,1510250
Lotus,7080209
Baseline,1439083
Lotus,5098417
Baseline,1109000
Baseline,1767167
Baseline,2655583
Baseline,2449209
Lotus,9948875
Baseline,3024458
Baseline,1906459
Baseline,2179250
Lotus,8989958
Baseline,2120250
Baseline,2293167
Lotus,8397417
Baseline,2239833
Baseline,1388292
Lotus,5102542
Baseline,1276875
Baseline,2192667
Lotus,9175000
Baseline,2680000
Baseline,1593541
Baseline,3316209
Lotus,8885542
Baseline,2986625
Baseline,6605375
Baseline,2771542
Lotus,8394959
Baseline,1940542
Lotus,9026667
Baseline,1809000
Baseline,1898417
Baseline,2259208
Baseline,1456667
Baseline,1452583
Baseline,1261166
Lotus,6165041
Baseline,1414875
Baseline,1810000
Baseline,1533875
Lotus,7720958
Baseline,1859917
Baseline,1313292
Baseline,1613208
Baseline,1918083
Lotus,4700625
Baseline,1527209
Baseline,1404208
Baseline,1091208
Baseline,1579583
Baseline,1499125
Baseline,1908750
Baseline,1614709
Baseline,1944084
Baseline,2553625
Baseline,2405834
Baseline,2682542
Baseline,1582250
Baseline,3112666
Baseline,2388458
Baseline,2272958
Lotus,9065833
Baseline,1406250
Baseline,1775917
Baseline,2235834
Baseline,2207334
Baseline,3526000
Baseline,1766041
Baseline,1711750
Baseline,15222250
Baseline,1409334
Baseline,2184125
Baseline,2723708
Lotus,8671666
Baseline,1623292
Baseline,1347458
Baseline,1305417
Baseline,35297250
Baseline,1683500
Baseline,1590833
Baseline,1631333
Baseline,3769625
Baseline,2069000
Lotus,9119167
Baseline,1923542
Baseline,1934708
Baseline,2713084
Baseline,1798750
Baseline,2748209
Lotus,7284292
Baseline,1090542
Baseline,1832541
Baseline,3264000
Lotus,9122000
Baseline,3008291
Baseline,1537542
Baseline,2724708
Lotus,9732250
Baseline,3576000
Baseline,1822459
Baseline,2605875
Baseline,1341709
Lotus,7475709
Baseline,1309167
Baseline,1219667
Baseline,1167792
Lotus,4901084
Baseline,1360291
Baseline,1575541
Baseline,1946875
Baseline,1725042
Baseline,2191417
Lotus,8050334
Baseline,2230333
Lotus,12725042
Baseline,2997458
Baseline,2380167
Baseline,2962083
Baseline,1806709
Lotus,6166375
Baseline,2546958
Baseline,2030167
Lotus,7495542
Baseline,1789500
Baseline,2602000
Baseline,2553791
Baseline,1841125
Lotus,6488791
Baseline,1999583
Baseline,3198458
Baseline,1887083
Baseline,1444791
Lotus,5790000
Baseline,2148709
Baseline,3061959
Baseline,2976458
Baseline,2105042
Lotus,10122667
Baseline,2312125
Lotus,8868209
Baseline,3098250
Baseline,2218375
Baseline,2642333
Baseline,2498125
Baseline,2571791
Lotus,11519000
Baseline,1665958
Baseline,1792333
Baseline,1701375
Baseline,1557000
Lotus,7338500
Baseline,2523542
Baseline,1573458
Baseline,1643250
Baseline,1085584
Baseline,2076500
Baseline,1287542
Baseline,1157791
Baseline,1508750
Lotus,5868125
Baseline,1822958
Lotus,6719833
Baseline,1888541
Baseline,1928042
Baseline,1844666
Baseline,2085917
Baseline,2164958
Baseline,1986583
Baseline,1895792
Baseline,4184708
Baseline,58342750
Lotus,61190875
Baseline,1224917
Baseline,1329709
Baseline,1861583
Baseline,1285542
Baseline,2085584
Baseline,1543500
Baseline,2081917
Baseline,1570417
Baseline,1295292
Baseline,1129917
Baseline,1589791
Lotus,7029125
Baseline,1430125
Baseline,2060541
Baseline,1903209
Baseline,1691083
Baseline,2641083
Lotus,11122917
Baseline,1619750
Lotus,8742459
Baseline,2754541
Lotus,11404250
Baseline,1705750
Baseline,2097875
Baseline,2307375
Baseline,1514292
Baseline,1690250
Baseline,3117750
Baseline,2726583
Baseline,1719000
Baseline,1803125
Baseline,1284417
Baseline,1304625
Baseline,1337958
Lotus,7841416
Baseline,1468250
Baseline,1694916
Baseline,2109417
Baseline,3476250
Lotus,11146875
Baseline,1665083
Lotus,7847167
Baseline,1540667
Baseline,2091875
Baseline,1554167
Baseline,1452208
Baseline,1567916
Baseline,1864458
Baseline,1331917
Lotus,5220292
Baseline,2753041
Baseline,1874917
Baseline,5808000
Lotus,11633167
Baseline,2136750
Baseline,2192250
Baseline,1387459
Lotus,5532875
Baseline,1527833
Baseline,1659292
Baseline,1365708
Baseline,1158084
Lotus,6154917
Baseline,1870917
Baseline,1351292
Baseline,1277959
Baseline,1246500
Baseline,1572750
Baseline,1154750
Baseline,1467375
Lotus,4704583
Baseline,1728708
Baseline,1950416
Baseline,1462041
Baseline,1698042
Baseline,2613792
Lotus,9987375
Baseline,1586209
Baseline,1188291
Baseline,1206917
Baseline,1716542
Baseline,2521083
Baseline,2347500
Lotus,8769792
Baseline,1737041
Lotus,7470250
Baseline,1561375
Baseline,2694875
Baseline,1163208
Baseline,2315250
Lotus,8730917
Baseline,1261334
Baseline,1314833
Baseline,830375
Baseline,831458
Lotus,3667833
Baseline,1361125
Baseline,7443084
Baseline,977250
Lotus,3729416
Baseline,1248750
Baseline,1340000
Baseline,1821333
Lotus,7999750
Baseline,1392916
Baseline,1636334
Baseline,2074209
Baseline,1284041
Lotus,7456416
Baseline,1237209
Baseline,1950709
Baseline,2195750
Baseline,2382250
Lotus,9388583
Baseline,2646209
Baseline,1231958
Baseline,1707625
Baseline,1097583
Baseline,1080209
Baseline,1640667
Baseline,1882958
Lotus,7660958
Baseline,1911167
Baseline,2952667
Baseline,2638459
Baseline,2591541
Baseline,1516416
Baseline,1687333
Baseline,1317959
Baseline,1221875
Baseline,4477167
Baseline,1504250
Baseline,1609583
Baseline,1218959
Baseline,1614958
Lotus,4564208
Baseline,1222458
Lotus,4854500
Baseline,1606250
Baseline,1660375
Lotus,7731583
Baseline,2276167
Lotus,10635500
Baseline,1152750
Lotus,4692375
Baseline,1684500
Lotus,24592916
Baseline,1108208
Baseline,1253917
Baseline,1306333
Baseline,2772042
Baseline,1582250
Baseline,1586542
Baseline,1586708
Baseline,1515625
Baseline,1918833
Lotus,8395083
Baseline,2406000
Baseline,2180792
Baseline,1553208
Baseline,2350291
Baseline,1839791
Baseline,1323958
Baseline,1756417
Baseline,1347167
Baseline,2091750
Baseline,1162958
Baseline,1157709
Lotus,5225917
Baseline,1325167
Baseline,1850750
Baseline,2499250
Baseline,2860416
Baseline,1855584
Baseline,2551875
Baseline,2108334
Baseline,2504458
Baseline,1744417
Baseline,1656458
Baseline,1593125
Baseline,1924041
Baseline,2012959
Baseline,1721750
Baseline,1930500
Baseline,2579000
Baseline,2197042
Baseline,1511209
Lotus,9353375
Baseline,2191250
Baseline,1875041
Lotus,8154000
Baseline,1992000
Lotus,6683834
Baseline,1580666
Baseline,1537292
Baseline,1734625
Baseline,1550291
Lotus,5365125
Baseline,1129291
Baseline,1552375
Baseline,1856375
Baseline,2671666
Baseline,2170667
Lotus,9653167
Baseline,2010000
Lotus,9812792
Baseline,1992458
Baseline,2433875
Baseline,2097208
Baseline,1979417
Baseline,1670208
Lotus,7373541
Baseline,2532208
Lotus,11244416
Baseline,4213750
Baseline,787417
Baseline,816792
Baseline,1363167
Baseline,2203417
Baseline,1291250
Baseline,2141458
Baseline,2203958
Baseline,1770292
Baseline,1152250
Lotus,5321708
Baseline,1585875
Baseline,45846625
Baseline,1181500
Baseline,1538708
Baseline,1974833
Baseline,1486291
Baseline,1849333
Baseline,1832417
Baseline,13199792
Lotus,18789875
Baseline,50962292
Baseline,1111792
Baseline,1114625
Baseline,1974459
Baseline,773709
Baseline,771333
Baseline,1330500
Baseline,3515042
Baseline,1142000
Baseline,1392667
Lotus,4960459
Baseline,1150708
Baseline,2390000
Baseline,1822750
Baseline,1852125
Baseline,1765375
Lotus,7282542
Baseline,1956708
Baseline,1409625
Baseline,1227209
Baseline,1609125
Baseline,1553041
Baseline,1418708
Lotus,4020291
Baseline,46373291
Baseline,699458
Baseline,1474083
Baseline,2017833
Baseline,1733208
Baseline,4494250
Baseline,1219500
Lotus,6602291
Baseline,2003500
Baseline,2568292
Baseline,1566292
Baseline,2620583
Baseline,2181416
Baseline,1743500
Baseline,2591625
Baseline,891750
Baseline,733834
Baseline,1066666
Baseline,79789333
Baseline,1465167
Baseline,1946917
Baseline,1954959
Baseline,2445458
Baseline,2512833
Lotus,11308875
Baseline,2023417
Baseline,2433208
Baseline,2289333
Baseline,2722042
Lotus,11208833
Baseline,2208417
Baseline,2844625
Baseline,1731625
Baseline,2505917
Lotus,11184542
Baseline,5215375
Baseline,1406084
Baseline,1431875
Baseline,2099666
Lotus,7834958
Baseline,1403417
Lotus,6079834
Baseline,1462625
Baseline,1445541
Baseline,2025417
Baseline,4117625
Baseline,1614041
Lotus,6909166
Baseline,1476416
Baseline,1130000
Baseline,1431917
Baseline,2506875
Baseline,1578750
Baseline,2549084
Baseline,2499792
Baseline,1746125
Baseline,1702041
Baseline,956250
Baseline,1642417
Baseline,1155917
Lotus,3990625
Baseline,1222333
Baseline,1664417
Baseline,1630875
Baseline,1701125
Baseline,996958
Baseline,1016542
Lotus,6556250
Baseline,1561625
Baseline,1053375
Baseline,992875
Lotus,4386375
Baseline,1102667
Baseline,1594459
Baseline,1485667
Lotus,5990750
Baseline,2269000
Baseline,1871500
Baseline,3080667
Baseline,1668334
Baseline,1373417
Baseline,977875
Baseline,2535875
Baseline,1635542
Baseline,1721750
Lotus,6412917
Baseline,2429625
Baseline,4245375
Baseline,2669209
Baseline,1591250
Lotus,7914666
Baseline,1631584
Lotus,7651667
Baseline,2831500
Baseline,36201042
Baseline,1233250
Lotus,5305334
Baseline,2003458
Baseline,1933958
Baseline,1385875
Baseline,1234333
Baseline,769291
Baseline,1069417
Baseline,1599416
Baseline,1074250
Lotus,5833958
Baseline,733667
Baseline,1069042
Baseline,771625
Baseline,1018833
Lotus,5409917
Baseline,2545917
Baseline,1710333
Baseline,2524042
Baseline,4114000
Baseline,1096292
Baseline,2257625
Baseline,925708
Baseline,1369416
Lotus,4359541
Baseline,1116292
Baseline,2051125
Baseline,1326583
Baseline,1172708
Baseline,695750
Lotus,2805541
Baseline,1066042
Baseline,1622791
Baseline,847000
Baseline,834541
Baseline,885708
Baseline,1964167
Baseline,1943959
Baseline,81933667
Baseline,1047208
Baseline,1848458
Baseline,2854708
Baseline,2465750
Baseline,2253417
Baseline,2485125
Lotus,10981458
Baseline,1784083
Baseline,2423333
Lotus,11167916
Baseline,2763292
Lotus,9907667
Baseline,2250708
Baseline,2417834
Baseline,2484625
Baseline,2926583
Baseline,2643750
Baseline,1846125
Baseline,2106417
Baseline,2692292
Baseline,1804542
Baseline,2597500
Baseline,958291
Baseline,912667
Baseline,755625
Baseline,35223000
Baseline,1467542
Baseline,2640792
Lotus,8726584
Baseline,1352000
Baseline,1895500
Baseline,2432416
Baseline,2249792
Baseline,38533125
Baseline,790042
Baseline,1834958
Baseline,1950375
Baseline,2094750
Baseline,1649625
Baseline,2340333
Baseline,3122917
Baseline,2361458
Baseline,1659000
Baseline,1476917
Lotus,5876833
Baseline,1172625
Baseline,1415167
Baseline,1585875
Baseline,1169500
Baseline,1353208
Baseline,1503833
Baseline,7727375
Baseline,1394500
Baseline,1778584
Baseline,2563833
Baseline,1734458
Baseline,2473958
Baseline,2289583
Baseline,2476459
Baseline,1742334
Baseline,2880417
Lotus,11055292
Baseline,2888209
Baseline,2440833
Baseline,1809875
Baseline,2441542
Baseline,2726917
Baseline,2575875
Baseline,1572042
Lotus,7434375
Baseline,2393833
Baseline,1900334
Baseline,2357125
Baseline,1980625
Baseline,2409417
Baseline,2497666
Baseline,2416625
Baseline,2725833
Lotus,8759583
Baseline,2430459
Baseline,1716166
Lotus,8714500
Baseline,2488166
Lotus,10606958
Baseline,2016625
Baseline,2391667
Baseline,2180500
Baseline,1768459
Baseline,2718000
Baseline,852500
Baseline,1158500
Baseline,3194708
Baseline,2916334
Baseline,2501083
Baseline,2661750
Baseline,2599042
Lotus,10491792
Baseline,2120458
Baseline,2981792
Baseline,2320208
Baseline,2270708
Baseline,1821000
Baseline,1856125
Baseline,12717958
Baseline,1352708
Lotus,4344500
Baseline,1484541
Baseline,1412208
Baseline,7798375
Baseline,1427209
Lotus,4231125
Baseline,1750166
Baseline,1745958
Baseline,2041042
Lotus,10375750
Baseline,1890417
Baseline,76889042
Lotus,83761667
Baseline,1432833
Baseline,1568875
Baseline,2336959
Baseline,2390250
Baseline,2662042
Baseline,2927125
Lotus,10097958
Baseline,1866084
Baseline,2374417
Baseline,2437625
Baseline,1871834
Lotus,8112084
Baseline,2357334
Baseline,1611375
Baseline,2263542
Lotus,10813667
Baseline,1786041
Baseline,1977708
Lotus,8862708
Baseline,2404792
Baseline,2414375
Baseline,2503417
Lotus,9130000
Baseline,817334
Lotus,3868625
Baseline,1158167
Lotus,5167917
Baseline,2101458
Baseline,41568958
Baseline,1149750
Baseline,2128792
Baseline,2307750
Baseline,2412333
Baseline,2470542
Baseline,1698667
Baseline,2544417
Baseline,2118291
Baseline,1966166
Baseline,2034125
Baseline,2402542
Baseline,1704625
Baseline,2592208
Baseline,1671791
Baseline,2363792
Baseline,1844666
Baseline,2362500
Lotus,10508833
Baseline,2104208
Baseline,2701541
Baseline,1732917
Baseline,1445917
Baseline,1679583
Baseline,1524833
Baseline,1828500
Baseline,1133542
Lotus,3265917
Baseline,1367625
Baseline,1783042
Baseline,2247625
Lotus,7577750
Baseline,1248792
Baseline,1956250
Baseline,2442000
Baseline,2835250
Baseline,2400375
Baseline,2334750
Baseline,2422417
Baseline,1932500
Baseline,2294459
Baseline,2977542
Baseline,750625
Baseline,820250
Lotus,3973833
Baseline,1460375
Baseline,1844875
Baseline,2352375
Baseline,3024291
Lotus,9594041
Baseline,2446708
Baseline,2691042
Lotus,11512250
Baseline,2571125
Baseline,2288666
Baseline,1951333
Lotus,8565875
Baseline,2091666
Baseline,2361292
Baseline,2333000
Baseline,2071458
Baseline,1696542
Baseline,1750500
Baseline,2221625
Baseline,1918416
Baseline,2251917
Lotus,8331834
Baseline,1150250
Baseline,1428083
Baseline,1467833
Baseline,1440792
Baseline,2462083
Baseline,1507500
Baseline,2391084
Baseline,2111791
Baseline,2338833
Baseline,1701833
Baseline,1762084
Baseline,1787500
Baseline,1953708
Baseline,8686958
Baseline,1223000
Lotus,5016666
Baseline,781958
Baseline,1509041
Baseline,1602834
Baseline,1359500
Baseline,1379084
Baseline,745458
Baseline,1126750
Lotus,3846583
Baseline,1106125
Lotus,3676625
Baseline,1904625
Baseline,7787833
Baseline,39292958
Baseline,2238792
Lotus,7966125
Baseline,3845167
Baseline,1522708
Lotus,8362750
Baseline,2172791
Baseline,1986667
Lotus,8000542
Baseline,2019208
Baseline,1982708
Baseline,1411000
Lotus,7385666
Baseline,2360375
Baseline,2484375
Baseline,1958791
Baseline,1260708
Baseline,1505667
Baseline,1592917
Lotus,7444792
Baseline,1812250
Baseline,1930916
Baseline,2425833
Baseline,2099917
Baseline,2881583
Baseline,2556541
Baseline,2746500
Baseline,14746875
Baseline,1654500
Baseline,1920875
Baseline,2231250
Baseline,3280375
Lotus,8348833
Baseline,1174333
Lotus,4996166
Baseline,2200042
Baseline,1451791
Baseline,1684084
Baseline,2351917
Baseline,2237792
Lotus,10541708
Baseline,1391250
Baseline,2229083
Baseline,2044750
Baseline,2593250
Baseline,1718333
Baseline,1584000
Baseline,2112416
Baseline,4811791
Baseline,1069542
Baseline,1117417
Baseline,2894292
Baseline,1674250
Baseline,1214125
Baseline,1083709
Lotus,4272375
Baseline,1412875
Baseline,1312708
Baseline,1771375
Baseline,2416750
Baseline,837292
Baseline,961083
Lotus,4097917
Baseline,2337125
Baseline,1379125
Baseline,3000916
Baseline,1582250
Baseline,2517583
Baseline,2012291
Lotus,9264500
Baseline,1956291
Baseline,2196583
Baseline,2321584
Baseline,1966625
Baseline,1252084
Lotus,5847542
Baseline,1615791
Baseline,1749667
Baseline,1671250
Baseline,2141375
Lotus,9228083
Baseline,4409875
Baseline,1452917
Baseline,724541
Baseline,1366459
Baseline,1304500
Baseline,1966625
Baseline,2662292
Baseline,1678209
Lotus,7678834
Baseline,1776292
Baseline,2301208
Baseline,2003375
Baseline,1667375
Baseline,1821042
Baseline,1406875
Baseline,1763459
Baseline,1921084
Baseline,15108958
Baseline,1497417
Baseline,1076958
Baseline,1392833
Baseline,1900458
Baseline,2312042
Baseline,2705541
Baseline,2590333
Lotus,10726291
Baseline,2833708
Baseline,2165042
Baseline,3313792
Baseline,1116916
Baseline,2380416
Baseline,1349417
Baseline,1566333
Baseline,1384917
Baseline,2061500
Baseline,2510000
Baseline,6760250
Baseline,2652958
Baseline,799417
Baseline,923417
Lotus,4725083
Baseline,1261917
Baseline,2750250
Baseline,2836709
Baseline,2437959
Baseline,10957084
Baseline,695291
Baseline,698542
Baseline,836708
Lotus,4018458
Baseline,849584
Baseline,920250
Baseline,1851125
Lotus,6182625
Baseline,2135625
Lotus,6225958
Baseline,1535125
Baseline,1171709
Lotus,7418084
Baseline,2201916
Baseline,1818333
Baseline,2608917
Baseline,2469125
Baseline,1846166
Baseline,2082208
Lotus,10151750
Baseline,1941833
Baseline,1678875
Baseline,1534667
Baseline,1182667
Baseline,2929250
Baseline,1877875
Baseline,1215708
Baseline,1817291
Baseline,1343250
Baseline,2429041
Baseline,1878542
Baseline,1447125
Baseline,1343625
Baseline,1509500
Baseline,31982542
Baseline,1511625
Lotus,6376250
Baseline,1255542
Baseline,3317458
Lotus,8751708
Baseline,2303459
Lotus,8037042
Baseline,3342125
Baseline,1349542
Baseline,2355208
Baseline,1234084
Baseline,1147458
Lotus,3565917
Baseline,2182250
Lotus,9873125
Baseline,1412541
Baseline,3579958
Baseline,1103792
Baseline,2833625
Baseline,1621584
Baseline,2018333
Lotus,4832666
Baseline,1503250
Baseline,1627958
Baseline,1556292
Baseline,4441625
Baseline,1731375
Baseline,2037000
Baseline,1498041
Baseline,7270709
Baseline,1674167
Baseline,1911916
Baseline,9424750
Baseline,5422583
Baseline,1538125
Baseline,1389542
Lotus,4410125
Baseline,2170750
Lotus,5215209
Baseline,1887042
Baseline,1340083
Baseline,4705750
Baseline,6471209
Baseline,1306000
Baseline,1405667
Baseline,1323250
Lotus,3948250
Baseline,1208083
Lotus,3972250
Baseline,1528959
Lotus,4371125
Baseline,1712083
Lotus,4169625
Baseline,1221417
Baseline,1332667
Baseline,1710917
Baseline,1137750
Baseline,1602875
Baseline,1788791
Lotus,5081291
Baseline,2397416
Baseline,983750
Baseline,1339875
Lotus,5206000
Baseline,2926917
Baseline,3522166
Baseline,2865917
Lotus,11316250
Baseline,2667708
Baseline,2189083
Lotus,9692667
Baseline,2379292
Baseline,1560584
Baseline,52855167
Lotus,58264000
Baseline,2064625
Baseline,1386958
Baseline,1406958
Baseline,1477292
Baseline,1169750
Baseline,1521750
Baseline,1765333
Lotus,8062458
Baseline,1660792
Baseline,1689334
Baseline,1229917
Baseline,1743958
Baseline,1273458
Lotus,8369916
Baseline,1124792
Baseline,1167458
Baseline,1794917
Baseline,2005958
Baseline,1604209
Baseline,1885417
Baseline,2133917
Baseline,1572875
Baseline,1016375
Lotus,5231875
Baseline,3475500
Lotus,13025292
Baseline,1578041
Lotus,6868125
Baseline,1761625
Baseline,994333
Baseline,1143375
Baseline,1550375
Baseline,1898417
Baseline,1436458
Lotus,8113167
Baseline,1615708
Baseline,1107542
Baseline,1562584
Baseline,1016083
Baseline,1741625
Lotus,9212667
Baseline,1215125
Baseline,1313792
Baseline,938083
Baseline,1787042
Baseline,1677459
Baseline,2479375
Baseline,2389125
Lotus,10996417
Baseline,2065000
Lotus,8953667
Baseline,2319542
Baseline,2346875
Baseline,2419500
Baseline,2014667
Baseline,2724291
Baseline,1982417
Lotus,9349500
Baseline,2200459
Baseline,1563875
Baseline,2376292
Baseline,2719333
Baseline,2607334
Baseline,2354709
Baseline,2425958
Baseline,1875875
Baseline,898000
Baseline,2043375
Baseline,1536667
Baseline,1979375
Baseline,1506625
Baseline,2129333
Lotus,9284125
Baseline,2605708
Baseline,1949750
Baseline,2479750
Baseline,2076250
Baseline,2581291
Baseline,2055333
Baseline,1495959
Lotus,8891750
Baseline,7075042
Baseline,2299959
Baseline,1879208
Baseline,1277500
Baseline,1877250
Baseline,2562042
Baseline,2251417
Lotus,7847084
Baseline,2342292
Baseline,3004541
Lotus,9137750
Baseline,2024875
Baseline,2502875
Lotus,9080584
Baseline,2276291
Baseline,2306291
Lotus,9032416
Baseline,2799042
Baseline,1847542
Lotus,5426375
Baseline,1444084
Baseline,1564792
Baseline,1457458
Baseline,1624541
Baseline,1115834
Baseline,3089542
Lotus,7243375
Baseline,1291250
Baseline,3160709
Baseline,1037292
Baseline,1352792
Lotus,6723750
Baseline,1422167
Baseline,1507834
Baseline,1458667
Baseline,1724625
Baseline,1493250
Baseline,2582625
Baseline,1212625
Lotus,5427875
Baseline,2329417
Baseline,1412333
Lotus,7654333
Baseline,1916250
Baseline,749958
Baseline,680125
Baseline,1441333
Lotus,5355750
Baseline,1613833
Baseline,1462083
Baseline,1277541
Lotus,6468666
Baseline,1096459
Baseline,1428875
Baseline,1476625
Baseline,2546042
Baseline,1372834
Baseline,1630250
Baseline,1648208
Lotus,6967000
Baseline,2119667
Baseline,1688334
Lotus,7002875
Baseline,1975375
Baseline,1054000
Baseline,1735583
Lotus,7678333
Baseline,1144792
Baseline,3159917
Baseline,690875
Baseline,1020708
Baseline,1244917
Baseline,1797458
Baseline,1737208
Lotus,6196375
Baseline,1854125
Baseline,2481792
Baseline,3803583
Baseline,1480334
Lotus,8047375
Baseline,1498959
Baseline,1127375
Baseline,2124917
Baseline,1293292
Baseline,868000
Baseline,616541
Baseline,980042
Baseline,1000458
Lotus,3236333
Baseline,1935333
Baseline,1164125
Baseline,1078583
Baseline,1925541
Baseline,1608875
Lotus,5267083
Baseline,1993834
Baseline,3893250
Lotus,8010834
Baseline,2000459
Baseline,1308000
Baseline,1637875
Lotus,5707833
Baseline,1313416
Lotus,4931875
Baseline,1008750
Baseline,1550041
Baseline,1353292
Baseline,1515792
Baseline,971875
Baseline,1941792
Baseline,773750
Baseline,1095916
Baseline,2543667
Baseline,21989917
Baseline,880416
Baseline,1634708
Baseline,974500
Baseline,20423375
Lotus,24249417
Baseline,1089500
Baseline,770083
Lotus,3228208
Baseline,1424542
Baseline,1000958
Lotus,3734583
Baseline,1653708
Baseline,4381875
Lotus,11183584
Baseline,1410875
Baseline,2514125
Baseline,2212917
Baseline,3316250
Baseline,1790750
Baseline,1546083
Baseline,1707292
Baseline,2155542
Baseline,1733666
Baseline,1742667
Baseline,1608834
Lotus,4737750
Baseline,1927917
Baseline,1880667
Lotus,4975458
Baseline,1265959
Lotus,5137917
Baseline,1785500
Baseline,1751417
Baseline,2391292
Baseline,1690959
Baseline,1360458
Lotus,4917416
Baseline,1664000
Baseline,2354625
Lotus,6038917
Baseline,1877208
Lotus,4878166
Baseline,1990166
Baseline,12727250
Baseline,1685833
Lotus,5318375
Baseline,1494209
Baseline,1149625
Lotus,5610500
Baseline,1194792
Baseline,1230167
Baseline,1496000
Baseline,1230916
Lotus,5904916
Baseline,1825458
Lotus,4764541
Baseline,1122375
Baseline,2003792
Baseline,1374625
Baseline,2135958
Baseline,9926750
Baseline,2121333
Baseline,4103959
Baseline,3234334
Lotus,8976584
Baseline,2455250
Baseline,1021167
Lotus,5369542
Baseline,1588500
Baseline,2808917
Baseline,3943125
Baseline,2809041
Baseline,2075333
Baseline,2862708
Lotus,11708750
Baseline,1644250
Lotus,9599917
Baseline,49867042
Baseline,1020750
Lotus,4417208
Baseline,1696292
Baseline,1874625
Baseline,2327583
Lotus,9212166
Baseline,4035875
Baseline,2461125
Baseline,2129375
Baseline,2500291
Baseline,2501792
Lotus,9841042
Baseline,2509917
Lotus,12006084
Baseline,2240291
Baseline,2296292
Baseline,2390792
Baseline,1049167
Lotus,6551458
Baseline,1885000
Baseline,2335459
Baseline,1744500
Baseline,1730750
Lotus,6915125
Baseline,3849500
Baseline,2138083
Lotus,10506833
Baseline,1760958
Baseline,2507167
Lotus,10209958
Baseline,2000333
Baseline,1230042
Baseline,2262750
Baseline,2191625
Baseline,1671416
Baseline,2355125
Baseline,2015000
Baseline,2286583
Baseline,1316000
Baseline,1435500
Baseline,1371417
Lotus,5007875
Baseline,1528500
Baseline,1526833
Baseline,1680292
Baseline,1549083
Baseline,1128916
Lotus,3862250
Baseline,1369375
Baseline,1490542
Baseline,1071917
Baseline,966833
Baseline,2503334
Baseline,1099625
Baseline,995625
Baseline,1022792
Baseline,2008584
Baseline,1377167
Baseline,1869708
Baseline,1825958
Baseline,2355834
Baseline,1618958
Lotus,7810250
Baseline,3008791
Baseline,1393083
Baseline,1799958
Baseline,1151125
Lotus,6751000
Baseline,5361625
Lotus,8588208
Baseline,1131125
Baseline,1604833
Baseline,1181458
Baseline,2300000
Lotus,7158584
Baseline,1214208
Baseline,3080083
Baseline,1707333
Baseline,2053708
Baseline,1599000
Baseline,2242583
Baseline,2085333
Baseline,3007458
Baseline,2755958
Baseline,3797125
Baseline,2930500
Baseline,2303125
Baseline,2875000
Baseline,2519792
Lotus,8609042
Baseline,1251042
Baseline,2218084
Baseline,2135500
Baseline,1950666
Baseline,1013458
Lotus,4981333
Baseline,1774750
Baseline,1834000
Baseline,9459625
Baseline,1643125
Baseline,1591000
Baseline,2340375
Baseline,1367083
Baseline,1865875
Baseline,3905000
Baseline,1540458
Baseline,1468250
Lotus,5389292
Baseline,1148042
Lotus,4873250
Baseline,1961833
Baseline,1078583
Lotus,3638750
Baseline,1230083
Baseline,1128666
Baseline,1000291
Baseline,1069292
Baseline,1504625
Baseline,1021916
Baseline,1580792
Baseline,1442208
Baseline,1296000
Baseline,961583
Lotus,4173208
Baseline,1488333
Baseline,2397500
Baseline,1534458
Baseline,1680208
Baseline,5218083
Baseline,682333
Baseline,1124666
Baseline,916375
Baseline,1550667
Baseline,884042
Lotus,6456958
Baseline,3841834
Lotus,9696042
Baseline,1499209
Lotus,6950000
Baseline,1744208
Baseline,1640291
Baseline,1125375
Lotus,7098333
Baseline,723000
Baseline,765042
Lotus,4500834
Baseline,988750
Baseline,1612166
Baseline,2273000
Baseline,1549584
Lotus,6171542
Baseline,1762959
Baseline,2109042
Lotus,9314875
Baseline,2119625
Baseline,1033291
Baseline,885916
Baseline,1656875
Baseline,1432916
Lotus,5165250
Baseline,52179417
Baseline,516542
Baseline,788584
Baseline,629375
Baseline,893292
Baseline,1399875
Baseline,1658209
Baseline,708125
Lotus,4188708
Baseline,702791
Baseline,963166
Baseline,1380708
Baseline,1676250
Baseline,1291917
Baseline,1615166
Baseline,1810125
Lotus,9592833
Baseline,2018708
Lotus,8473333
Baseline,4165750
Baseline,640750
Baseline,1335250
Baseline,2079250
Baseline,1666958
Baseline,3612583
Lotus,14475833
Baseline,737917
Baseline,905208
Baseline,798250
Baseline,1041458
Baseline,1889916
Baseline,1071625
Baseline,1079583
Lotus,6636833
Baseline,1084791
Lotus,4793916
Baseline,1268459
Lotus,5237667
Baseline,1094166
Baseline,1386083
Baseline,1305250
Baseline,940125
Baseline,1509375
Baseline,1549959
Baseline,1382750
Baseline,1174791
Baseline,1072542
Baseline,1405083
Baseline,1778125
Baseline,1175583
Baseline,1014000
Baseline,1086209
Baseline,1301875
Baseline,1452917
Lotus,7785875
Baseline,1813750
Lotus,8285709
Baseline,1244958
Baseline,1118708
Baseline,1415542
Baseline,1845084
Baseline,1631708
Baseline,869084
Baseline,901833
Baseline,942541
Baseline,1086167
Lotus,5781750
Baseline,1377750
Baseline,1359625
Baseline,1424750
Baseline,5207792
Lotus,13988417
Baseline,1767916
Baseline,953500
Baseline,1435042
Lotus,5482542
Baseline,1449208
Lotus,5554917
Baseline,999792
Baseline,1841208
Lotus,8742500
Baseline,1509417
Baseline,2055292
Baseline,6113916
Baseline,1563500
Baseline,1308708
Baseline,3854125
Baseline,1049875
Lotus,5288292
Baseline,12649333
Baseline,843917
Lotus,4405125
Baseline,1236750
Lotus,5055417
Baseline,1154666
Baseline,1031167
Baseline,908000
Baseline,986292
Baseline,1644042
Baseline,1641250
Lotus,7407500
Baseline,1055041
Baseline,2849042
Baseline,980333
Baseline,1490750
Baseline,1093583
Baseline,1648250
Lotus,6534667
Baseline,1577125
Baseline,1379083
Baseline,965958
Baseline,1315583
Baseline,862000
Baseline,1057292
Baseline,1740125
Baseline,1045500
Baseline,1378125
Lotus,6398542
Baseline,1767958
Lotus,6646750
Baseline,941708
Baseline,1088334
Baseline,1757500
Baseline,1318625
Lotus,7170584
Baseline,1671250
Baseline,1427709
Baseline,1429542
Baseline,1882083
Lotus,10424708
Baseline,2172459
Lotus,10201750
Baseline,1953625
Baseline,2103458
Baseline,2469500
Baseline,1380541
Baseline,1686625
Lotus,8007125
Baseline,1062625
Baseline,1054958
Baseline,1318041
Baseline,1273875
Baseline,960625
Baseline,2395959
Lotus,8881917
Baseline,1603250
Baseline,1330125
Baseline,871208
Baseline,1665916
Lotus,8778583
Baseline,1017041
Baseline,2132875
Lotus,9159166
Baseline,2036208
Baseline,2497792
Baseline,961958
Baseline,1465041
Baseline,1560292
Baseline,1638541
Baseline,1278125
Baseline,3132625
Baseline,1507833
Baseline,1337750
Baseline,2385333
Baseline,1913500
Baseline,1729125
Baseline,1470667
Baseline,2268166
Baseline,16079959
Baseline,1282875
Baseline,1008834
Lotus,5335000
Baseline,2054958
Baseline,1306209
Baseline,1229250
Baseline,1258375
Baseline,1980667
Baseline,1132250
Baseline,1726959
Baseline,1531250
Lotus,7136834
Baseline,2023084
Baseline,1202625
Lotus,6283417
Baseline,2041458
Baseline,2147791
Baseline,1902708
Baseline,1870459
Baseline,852792
Baseline,1204750
Lotus,8511750
Baseline,1505333
Baseline,2990416
Lotus,11146041
Baseline,1301416
Baseline,2047292
Baseline,1193500
Lotus,5189875
Baseline,2434708
Lotus,7861666
Baseline,1865458
Baseline,1206083
Lotus,6729875
Baseline,1742375
Baseline,2031542
Baseline,722125
Baseline,927375
Baseline,1449417
Baseline,2084000
Baseline,2114500
Baseline,1293750
Baseline,1471709
Baseline,1432542
Baseline,2175125
Baseline,2230542
Baseline,1501667
Baseline,1662959
Lotus,6392250
Baseline,1757125
Baseline,1219625
Baseline,1635958
Baseline,1923125
Baseline,2019959
Baseline,1233500
Baseline,1330000
Baseline,774417
Baseline,738958
Baseline,691792
Baseline,1142209
Baseline,2242334
Baseline,2480042
Lotus,11519625
Baseline,1764000
Baseline,27101250
Baseline,1437583
Baseline,1122917
Lotus,4853209
Baseline,1480333
Lotus,6989541
Baseline,2153875
Baseline,2270958
Lotus,7969333
Baseline,2217708
Baseline,15639000
Baseline,2203542
Lotus,9810750
Baseline,2154709
Baseline,1664042
Baseline,1532000
Baseline,873292
Baseline,932459
Lotus,4884792
Baseline,1344042
Baseline,1715208
Baseline,1263542
Baseline,2570667
Lotus,12255792
Baseline,1377791
Baseline,1381291
Lotus,6487250
Baseline,1309708
Baseline,1340000
Lotus,5749250
Baseline,2161125
Lotus,10095333
Baseline,1980375
Baseline,3254667
Baseline,1737375
Baseline,2096500
Baseline,1443167
Baseline,2034625
Baseline,1057375
Baseline,2036125
Baseline,2851500
Lotus,9284250
Baseline,2658459
Baseline,1657167
Baseline,2403958
Baseline,1453125
Baseline,2642417
Baseline,1560292
Baseline,1096709
Baseline,1376917
Baseline,1480917
Lotus,8098292
Baseline,1980250
Baseline,2847667
Baseline,1147417
Baseline,1209333
Baseline,1320000
Baseline,5004916
Baseline,1102584
Baseline,2543750
Baseline,1211541
Baseline,1464917
Baseline,1391834
Baseline,2282292
Baseline,1557292
Baseline,2152875
Lotus,10088416
Baseline,1808667
Baseline,2108583
Baseline,2463083
Lotus,7454458
Baseline,2047292
Baseline,1402708
Baseline,1708458
Baseline,1029833
Baseline,1036917
Baseline,968125
Baseline,887917
Baseline,1307291
Baseline,3547416
Lotus,8528041
Baseline,1011750
Baseline,1834125
Baseline,1107708
Baseline,1057791
Baseline,1223292
Baseline,1178584
Baseline,1638292
Baseline,1619292
Baseline,1415000
Baseline,1360917
Lotus,5821042
Baseline,601334
Baseline,692375
Lotus,3621416
Baseline,1591375
Baseline,2590583
Baseline,2181917
Baseline,1615000
Baseline,2225208
Baseline,1328209
Baseline,1276375
Lotus,6446041
Baseline,1440209
Baseline,1635833
Lotus,10145416
Baseline,1556333
Baseline,987708
Baseline,1717750
Baseline,1251792
Baseline,2540292
Baseline,1058084
Baseline,1451667
Baseline,991083
Baseline,1506000
Baseline,1172125
Baseline,1154500
Baseline,963000
Lotus,4925375
Baseline,989875
Baseline,1010791
Baseline,1536042
Baseline,1776583
Baseline,1853125
Baseline,740791
Lotus,3788500
Baseline,677041
Baseline,1092667
Baseline,1590417
Baseline,1747709
Baseline,1386375
Baseline,1324542
Baseline,1215458
Baseline,1429583
Lotus,6899791
Baseline,1822208
Lotus,6996125
Baseline,1243625
Baseline,953625
Baseline,56181917
Baseline,897250
Baseline,847584
Baseline,1263834
Baseline,1431208
Lotus,6871791
Baseline,1647792
Baseline,2038458
Baseline,1236959
Baseline,2127500
Baseline,1572375
Baseline,1703292
Baseline,1476209
Baseline,2234959
Baseline,2109875
Baseline,2127208
Baseline,1330917
Baseline,2113500
Baseline,1248625
Baseline,1645708
Lotus,6458125
Baseline,1240917
Baseline,2041292
Lotus,9697042
Baseline,1272625
Baseline,2145166
Baseline,2341500
Baseline,1945000
Baseline,1611084
Baseline,2046000
Baseline,2068667
Lotus,10381625
Baseline,1330042
Baseline,1582833
Baseline,1955167
Baseline,1074500
Baseline,1512791
Baseline,1789750
Baseline,1776500
Baseline,2088000
Lotus,7281250
Baseline,2041000
Baseline,2146333
Baseline,1469834
Baseline,2486250
Baseline,2077500
Lotus,9981291
Baseline,1817292
Baseline,2092625
Baseline,2267458
Lotus,8839708
Baseline,2176875
Baseline,2723958
Lotus,9606708
Baseline,2087917
Baseline,1584583
Lotus,10213625
Baseline,2209250
Baseline,1934958
Baseline,1602375
Baseline,1632666
Baseline,919750
Lotus,4574416
Baseline,1545167
Baseline,1413750
Baseline,1553709
Lotus,6193125
Baseline,1150083
Baseline,1414709
Baseline,1390875
Baseline,1641959
Lotus,61743917
Baseline,1009291
Baseline,1625000
Baseline,2030417
Baseline,2021208
Lotus,9085541
Baseline,2112291
Baseline,2133584
Baseline,2491125
Baseline,1902208
Lotus,6286041
Baseline,1040709
Baseline,73025250
Lotus,78512083
Baseline,642250
Baseline,805417
Baseline,842834
Baseline,1308042
Baseline,1396458
Baseline,1327125
Baseline,2055959
Baseline,1766875
Baseline,2131000
Baseline,1384916
Baseline,1219083
Baseline,1212375
Baseline,1297542
Lotus,8172167
Baseline,53847208
Lotus,57513125
Baseline,1255084
Baseline,1240209
Baseline,921500
Lotus,5043500
Baseline,1069958
Baseline,892000
Baseline,1137042
Lotus,5389833
Baseline,1275583
Lotus,6379583
Baseline,1261916
Baseline,845292
Baseline,3126792
Baseline,1223209
Baseline,1062542
Baseline,891584
Baseline,1063291
Lotus,5497875
Baseline,1055917
Baseline,1787375
Baseline,1254292
Baseline,853583
Baseline,1465042
Baseline,2713958
Baseline,1149417
Lotus,5552750
Baseline,1375667
Baseline,973167
Baseline,979875
Baseline,1331541
Baseline,1390834
Baseline,1252625
Lotus,6605125
Baseline,1056416
Baseline,875625
Baseline,947208
Baseline,1528667
Baseline,2071792
Lotus,9046167
Baseline,888625
Baseline,1109833
Baseline,692958
Baseline,1220708
Baseline,1450583
Baseline,1706709
Baseline,1245458
Baseline,959542
Lotus,4812125
Baseline,871417
Baseline,731042
Baseline,1064084
Baseline,1510583
Baseline,972708
Baseline,1270334
Baseline,1326125
Baseline,1502542
Lotus,8321250
Baseline,1095459
Lotus,4708667
Baseline,1279750
Baseline,1254917
Lotus,8060125
Baseline,1130208
Baseline,869375
Baseline,916166
Baseline,1002458
Baseline,1439167
Baseline,899375
Baseline,1711500
Baseline,1145875
Baseline,1756959
Lotus,7244000
Baseline,2184542
Baseline,1362917
Baseline,1031625
Baseline,1094000
Lotus,4846791
Baseline,1219416
Lotus,6671791
Baseline,2743917
Baseline,1686750
Lotus,5777750
Baseline,1041125
Baseline,838459
Baseline,973084
Baseline,1066292
Baseline,1594167
Lotus,5900542
Baseline,944083
Lotus,4144333
Baseline,1196375
Baseline,1915917
Baseline,1533292
Baseline,1599875
Baseline,1317042
Baseline,1570166
Baseline,1420083
Lotus,5918167
Baseline,1589875
Baseline,1801250
Lotus,5402167
Baseline,1300583
Baseline,1340625
Baseline,1405042
Baseline,1078000
Baseline,1409292
Baseline,2138083
Baseline,1391333
Baseline,1193625
Lotus,5539334
Baseline,902625
Baseline,1376250
Baseline,934917
Baseline,1368375
Baseline,1377666
Baseline,1267042
Baseline,854000
Lotus,5066541
Baseline,1676667
Baseline,1025750
Lotus,4205084
Baseline,839667
Baseline,1052167
Baseline,1136166
Baseline,2589000
Lotus,10061833
Baseline,2457583
Baseline,1016250
Baseline,1891167
Baseline,1991584
Baseline,1467458
Baseline,6512792
Baseline,1109250
Baseline,1139292
Baseline,704875
Baseline,833250
Baseline,1602417
Baseline,1673958
Baseline,1867000
Lotus,9918500
Baseline,1671750
Baseline,2602125
Baseline,1642500
Baseline,1548083
Baseline,1701917
Baseline,1254959
Baseline,1082500
Baseline,1352708
Baseline,1259209
Lotus,6501084
Baseline,986958
Baseline,1508875
Lotus,6678875
Baseline,1765042
Lotus,7332334
Baseline,1492958
Baseline,1589042
Baseline,2097667
Baseline,1044375
Baseline,997125
Baseline,1642625
Lotus,6859000
Baseline,1557000
Baseline,1049834
Baseline,1027375
Lotus,4769708
Baseline,2789875
Baseline,1021833
Lotus,6196875
Baseline,1168042
Baseline,1984625
Lotus,5673417
Baseline,1747084
Baseline,1172250
Baseline,2443375
Baseline,1264291
Baseline,954917
Baseline,1180791
Baseline,951708
Baseline,1313666
Baseline,1313209
Lotus,5171167
Baseline,1033041
Baseline,1161583
Lotus,7032208
Baseline,2360042
Baseline,1172667
Baseline,935417
Baseline,1464375
Baseline,1146458
Baseline,1495708
Baseline,881041
Baseline,957750
Baseline,1989333
Baseline,1613875
Baseline,1326125
Baseline,1291125
Baseline,875083
Baseline,1328667
Lotus,4815542
Baseline,916666
Lotus,4454166
Baseline,1841250
Lotus,11225208
Baseline,1418375
Lotus,6142500
Baseline,1584083
Baseline,968792
Baseline,1309083
Lotus,6992583
Baseline,1184917
Baseline,1259709
Baseline,2057208
Baseline,1207125
Baseline,841833
Lotus,3930208
Baseline,1261167
Baseline,1940833
Baseline,2172875
Baseline,1023875
Baseline,1022750
Baseline,1067167
Baseline,931291
Baseline,1021750
Baseline,1546584
Baseline,1357291
Baseline,1256292
Baseline,1303833
Baseline,2131834
Baseline,1289583
Baseline,1359125
Lotus,6459208
Baseline,1295083
Baseline,840709
Baseline,1221416
Lotus,6360541
Baseline,1666958
Baseline,898750
Baseline,995292
Baseline,1164334
Baseline,1339667
Baseline,895083
Baseline,1272458
Baseline,1473875
Baseline,2960375
Baseline,899500
Baseline,1039166
Baseline,920708
Lotus,4232791
Baseline,1255125
Baseline,1380000
Baseline,1776375
Baseline,1499125
Baseline,1937834
Baseline,2018542
Baseline,1480625
Baseline,803541
Baseline,858083
Baseline,1421167
Baseline,1266125
Baseline,1011125
Lotus,5981083
Baseline,1639917
Baseline,1173000
Lotus,4766417
Baseline,1679625
Lotus,8223792
Baseline,1249750
Lotus,6512667
Baseline,1750541
Baseline,892584
Baseline,1675250
Lotus,7784084
Baseline,1214875
Lotus,6290542
Baseline,1758250
Baseline,1389583
Baseline,1371916
Baseline,1443541
Baseline,2172042
Baseline,2131375
Baseline,1622833
Baseline,1821416
Lotus,10176875
Baseline,3033542
Lotus,8256875
Baseline,841541
Baseline,1275625
Baseline,1027667
Baseline,2423208
Baseline,1369292
Lotus,8092667
Baseline,1553166
Baseline,1557875
Baseline,1279042
Baseline,1295750
Baseline,1147667
Baseline,1293208
Baseline,1202250
Lotus,6226875
Baseline,1406708
Baseline,1488584
Baseline,1003209
Baseline,1458500
Baseline,971500
Lotus,4761291
Baseline,903292
Baseline,1074792
Lotus,5948875
Baseline,1565583
Baseline,32042000
Baseline,1181666
Baseline,1325291
Baseline,1472959
Baseline,1161375
Baseline,1324542
Baseline,1193958
Baseline,1279583
Baseline,893041
Baseline,1317291
Lotus,7246791
Baseline,1000250
Baseline,1376000
Baseline,19489791
Baseline,1059084
Baseline,999167
Baseline,1163417
Lotus,6580333
Baseline,1460542
Baseline,1410875
Baseline,904375
Baseline,1091250
Baseline,1321916
Baseline,1365667
Baseline,1260583
Baseline,1117208
Baseline,1867375
Baseline,1625000
Baseline,1849333
Lotus,9606875
Baseline,997459
Baseline,1111916
Baseline,966084
Baseline,1128417
Baseline,1345250
Baseline,1418375
Baseline,695042
Baseline,669834
Baseline,1014834
Baseline,1375125
Baseline,1075750
Baseline,1973417
Baseline,3094167
Baseline,1299584
Baseline,1153583
Baseline,1250875
Baseline,1090417
Baseline,1458417
Baseline,1526875
Baseline,887500
Baseline,1021000
Baseline,26645000
Baseline,922625
Baseline,1174417
Baseline,1321292
Baseline,926375
Baseline,1329125
Baseline,1208292
Baseline,1270833
Baseline,1311292
Baseline,1150834
Baseline,6980917
Baseline,1133542
Baseline,1253167
Lotus,6700792
Baseline,1178166
Baseline,2408292
Baseline,1540958
Baseline,1122000
Baseline,874750
Baseline,1170958
Baseline,1084584
Baseline,946875
Baseline,1197125
Baseline,1030416
Baseline,1159750
Lotus,9401292
Baseline,1097042
Baseline,1628834
Baseline,814667
Baseline,1112625
Baseline,1313208
Baseline,855583
Baseline,578416
Baseline,711041
Baseline,897291
Lotus,4619166
Baseline,1687875
Baseline,1448167
Baseline,1735083
Baseline,2517708
Baseline,1238708
Lotus,4876666
Baseline,1087333
Baseline,1188166
Lotus,6740458
Baseline,876209
Lotus,5867000
Baseline,909875
Baseline,1355875
Baseline,1639000
Baseline,1294417
Baseline,1571375
Baseline,1262917
Baseline,2918458
Lotus,7634750
Baseline,764041
Baseline,611084
Baseline,746208
Baseline,1253833
Baseline,2291292
Lotus,8272042
Baseline,1752750
Baseline,1565125
Lotus,6434791
Baseline,3414750
Baseline,2036542
Baseline,1619250
Baseline,1452541
Lotus,6939125
Baseline,996834
Baseline,1061416
Lotus,7385541
Baseline,1897084
Baseline,897917
Baseline,1733042
Baseline,1534750
Lotus,7128458
Baseline,665209
Baseline,1633000
Baseline,1550625
Baseline,1390375
Lotus,8206375
Baseline,2142958
Baseline,1181667
Baseline,1580917
Baseline,868958
Lotus,4611250
Baseline,1136125
Baseline,1267333
Baseline,1295500
Baseline,2112792
Lotus,10011334
Baseline,1504625
Baseline,2133750
Baseline,2014667
Baseline,1383208
Baseline,1590333
Lotus,9936125
Baseline,2154875
Baseline,1952500
Baseline,1950167
Baseline,2030792
Baseline,2136042
Baseline,1667667
Baseline,2013458
Lotus,9953417
Baseline,2277709
Baseline,1933167
Lotus,9496750
Baseline,1494167
Baseline,2160125
Baseline,1620916
Baseline,924333
Baseline,1245250
Baseline,1890125
Baseline,1177167
Baseline,1249625
Baseline,1716000
Lotus,6097084
Baseline,1792500
Baseline,918583
Baseline,1091791
Lotus,5063250
Baseline,1614458
Lotus,8174542
Baseline,1854500
Baseline,1433708
Baseline,1067750
Baseline,1254292
Baseline,848333
Baseline,1483417
Baseline,1243750
Baseline,1313000
Baseline,1088250
Lotus,5400667
Baseline,2380375
Baseline,2081834
Baseline,1913833
Baseline,2132750
Lotus,8813250
Baseline,14550542
Baseline,752292
Baseline,963875
Baseline,4073500
Baseline,1530083
Baseline,1432792
Baseline,1797250
Baseline,1666333
Baseline,1726167
Baseline,2044125
Baseline,1530917
Baseline,868000
Baseline,1029917
Lotus,4834125
Baseline,1299792
Lotus,6282542
Baseline,1288583
Baseline,1668625
Baseline,1222500
Baseline,1373208
Baseline,1307417
Baseline,1308167
Lotus,5696250
Baseline,1995750
Baseline,2015917
Baseline,1399167
Baseline,2249250
Baseline,2187166
Baseline,1860125
Baseline,2070583
Baseline,1337458
Baseline,1235375
Baseline,2339875
Baseline,2131917
Baseline,1142208
Baseline,2189333
Baseline,1843125
Baseline,1774916
Baseline,1852375
Baseline,1093541
Lotus,4926250
Baseline,2353125
Baseline,1646208
Baseline,1424458
Baseline,830167
Lotus,4184000
Baseline,1160792
Baseline,1306958
Baseline,974417
Baseline,1505625
Baseline,1688666
Lotus,10048791
Baseline,1392250
Baseline,2882667
Baseline,5976459
Baseline,1290750
Baseline,1978542
Baseline,1631583
Lotus,6449833
Baseline,2020125
Baseline,1215625
Baseline,2103875
Baseline,1795209
Lotus,8855709
Baseline,1721500
Baseline,1640375
Baseline,1212000
Baseline,1763375
Baseline,1492792
Baseline,1681791
Baseline,2337292
Baseline,1623083
Baseline,2698791
Baseline,1215042
Baseline,1051250
Baseline,2173917
Baseline,10523375
Baseline,1706625
Baseline,1330875
Baseline,2152208
Baseline,2071250
Baseline,1289916
Baseline,1911750
Baseline,2129875
Baseline,2169833
Baseline,3785208
Baseline,1198916
Baseline,1474000
Baseline,1248459
Lotus,5868709
Baseline,1438375
Baseline,1435250
Baseline,2642458
Baseline,1355875
Lotus,6595791
Baseline,3648708
Baseline,1390667
Baseline,1708708
Baseline,1413417
Baseline,1540625
Baseline,1672875
Lotus,6173209
Baseline,927000
Baseline,1068125
Baseline,2560625
Baseline,1456459
Baseline,1332375
Baseline,1768292
Baseline,1197958
Lotus,6617000
Baseline,1906666
Lotus,11236625
Baseline,1929166
Baseline,1404291
Baseline,1094750
Baseline,1822292
Baseline,3296292
Baseline,2134375
Baseline,1745666
Baseline,1706250
Baseline,1426958
Baseline,1091250
Baseline,844042
Lotus,5839833
Baseline,1074833
Lotus,5875875
Baseline,1628625
Baseline,1545375
Lotus,7247917
Baseline,2555042
Lotus,6600750
Baseline,2153292
Lotus,10007917
Baseline,1988000
Baseline,2119958
Lotus,9931958
Baseline,2185750
Lotus,26705583
Baseline,691209
Baseline,928708
Baseline,906875
Lotus,5786458
Baseline,2334625
Baseline,1198750
Baseline,1572708
Baseline,1869459
Baseline,2005083
Baseline,684583
Baseline,2212083
Lotus,9549750
Baseline,2105625
Lotus,10198291
Baseline,2340750
Baseline,1550000
Baseline,2045542
Baseline,3489458
Baseline,1129292
Baseline,2372416
Baseline,1285209
Lotus,5795542
Baseline,2058209
Baseline,1335000
Baseline,2077875
Baseline,1557458
Lotus,7980125
Baseline,2135458
Baseline,2513667
Baseline,2003750
Baseline,1893125
Baseline,2086916
Baseline,1666500
Baseline,1035166
Baseline,1595209
Baseline,1998875
Baseline,1423250
Lotus,8326125
Baseline,1867459
Lotus,9168292
Baseline,1908875
Baseline,1570542
Baseline,1630000
Baseline,1577583
Lotus,7337000
Baseline,1866166
Baseline,25089875
Baseline,1228292
Baseline,1530833
Lotus,7231417
Baseline,1781250
Baseline,1716292
Baseline,3017583
Baseline,956167
Baseline,1139541
Baseline,975125
Baseline,1459875
Lotus,7532000
Baseline,1943792
Lotus,7023417
Baseline,1614291
Baseline,1231416
Baseline,1338125
Baseline,2159875
Baseline,919833
Baseline,731750
Baseline,3717708
Baseline,1425666
Baseline,1467416
Baseline,2038167
Baseline,1937459
Baseline,2062792
Baseline,1992542
Baseline,2080875
Baseline,1748125
Baseline,2162084
Baseline,2188333
Baseline,1941833
Baseline,1493459
Baseline,1484625
Baseline,1618167
Baseline,1294250
Lotus,5084084
Baseline,1201500
Baseline,1039625
Baseline,1784042
Lotus,10080709
Baseline,1016959
Baseline,1193291
Lotus,6016791
Baseline,1121625
Baseline,1519333
Baseline,2098166
Baseline,1891750
Baseline,2196417
Baseline,1228250
Lotus,6152958
Baseline,1649333
Baseline,1500375
Baseline,1992209
Lotus,8338625
Baseline,1431750
Baseline,1238833
Baseline,2334709
Baseline,2196250
Baseline,1706833
Lotus,8423208
Baseline,1721084
Baseline,42425708
Lotus,46223333
Baseline,1137083
Baseline,760167
Lotus,4392125
Baseline,1123542
Lotus,5988334
Baseline,2182333
Baseline,2234333
Baseline,1445792
Baseline,2146667
Lotus,9603250
Baseline,2093167
Lotus,9196250
Baseline,2141375
Baseline,1515333
Lotus,7107541
Baseline,1403375
Lotus,7100208
Baseline,1928250
Baseline,1157875
Baseline,1217166
Baseline,1866291
Lotus,7958041
Baseline,980834
Baseline,1096000
Baseline,1702833
Lotus,10788250
Baseline,1377167
Baseline,1322833
Baseline,2109792
Baseline,4554500
Baseline,1672459
Lotus,7800042
Baseline,1188292
Baseline,2466875
Baseline,1775959
Baseline,1948291
Baseline,1593167
Baseline,1790166
Baseline,1577083
Baseline,2118084
Baseline,1916667
Lotus,8517459
Baseline,2056500
Baseline,2483917
Baseline,2089750
Baseline,985875
Baseline,1523917
Baseline,1482292
Baseline,920708
Lotus,5582041
Baseline,1275209
Baseline,1448875
Lotus,7647334
Baseline,1825458
Baseline,1329250
Baseline,1332625
Baseline,937875
Lotus,4246250
Baseline,1499166
Baseline,1217917
Baseline,1591542
Baseline,972625
Baseline,1398667
Baseline,865958
Baseline,1217666
Baseline,1752666
Baseline,1619583
Baseline,1517750
Baseline,1189083
Baseline,1019500
Lotus,4732041
Baseline,1779125
Lotus,8056208
Baseline,1252875
Lotus,6253291
Baseline,1530459
Baseline,1396083
Baseline,1563041
Baseline,2070208
Lotus,10562333
Baseline,1738709
Lotus,8961875
Baseline,1501625
Baseline,1618584
Baseline,1225084
Baseline,1123167
Lotus,6780250
Baseline,2176875
Baseline,1868000
Baseline,2078625
Baseline,1689708
Baseline,1767792
Baseline,1403125
Lotus,5455750
Baseline,1305291
Baseline,927708
Baseline,1835792
Lotus,6591250
Baseline,1340958
Baseline,3695875
Baseline,2787333
Baseline,1172709
Baseline,1529041
Baseline,1516875
Baseline,1739959
Baseline,1524334
Lotus,8333000
Baseline,1026792
Baseline,1279959
Baseline,1107875
Baseline,1296750
Baseline,1382583
Baseline,1476167
Lotus,7068250
Baseline,1582042
Lotus,9589958
Baseline,2184375
Lotus,10146708
Baseline,2595875
Lotus,9743166
Baseline,1990291
Baseline,1418458
Baseline,1164209
Baseline,1529958
Baseline,2080959
Baseline,1911167
Baseline,2006708
Baseline,1443291
Baseline,1892958
Baseline,1326333
Baseline,1018208
Baseline,2033833
Baseline,2274584
Lotus,11242042
Baseline,2804083
Baseline,1353833
Baseline,2060000
Baseline,2269416
Lotus,9810333
Baseline,2177625
Baseline,2216500
Lotus,8237042
Baseline,1817667
Baseline,2188416
Lotus,9187083
Baseline,1559500
Baseline,1980042
Baseline,1281250
Baseline,2059167
Baseline,1387417
Lotus,5988833
Baseline,2061625
Baseline,1970833
Baseline,2116458
Baseline,1517416
Baseline,1323250
Baseline,1216334
Baseline,2260166
Baseline,1520083
Baseline,1684000
Baseline,1819542
Lotus,8651625
Baseline,1888042
Baseline,1335000
Baseline,1416125
Baseline,1018833
Baseline,1058750
Baseline,1166541
Baseline,1383125
Baseline,954541
Baseline,1968208
Baseline,1515875
Lotus,7063041
Baseline,1249458
Baseline,1656625
Baseline,831667
Baseline,1137875
Lotus,6721292
Baseline,1063417
Baseline,1650666
Lotus,6547833
Baseline,1550000
Baseline,1308417
Baseline,835834
Lotus,3813417
Baseline,1087916
Lotus,4379375
Baseline,892042
Baseline,1029041
Baseline,1099166
Lotus,4307625
Baseline,1332875
Baseline,1270250
Lotus,5715250
Baseline,1301125
Baseline,917500
Baseline,1434917
Baseline,1070375
Baseline,1711875
Baseline,858625
Baseline,1205333
Baseline,1006041
Baseline,1583417
Baseline,2195875
Baseline,1032584
Baseline,1237334
Baseline,657750
Lotus,3343333
Baseline,723417
Baseline,557666
Baseline,1236666
Baseline,1504041
Baseline,1940250
Lotus,10148000
Baseline,2724083
Baseline,938917
Baseline,1788500
Baseline,1569334
Baseline,1587709
Baseline,1703500
Lotus,7021000
Baseline,1499458
Baseline,2248209
Baseline,1060916
Baseline,834042
Baseline,1388333
Baseline,992958
Baseline,2607625
Baseline,1993708
Baseline,1837500
Baseline,1143917
Baseline,1807208
Baseline,2096583
Lotus,10058416
Baseline,1942458
Baseline,920833
Baseline,1600375
Baseline,2051000
Baseline,5854917
Baseline,1978916
Baseline,1975792
Baseline,1916458
Baseline,2262500
Lotus,9794125
Baseline,1016791
Baseline,2648167
Baseline,2037084
Lotus,10087334
Baseline,1335791
Baseline,940167
Lotus,4517334
Baseline,1508417
Baseline,1693417
Baseline,1658208
Baseline,1960000
Baseline,1690709
Baseline,51812500
Baseline,1386417
Baseline,1709542
Baseline,1582917
Baseline,2164917
Lotus,9229042
Baseline,1611750
Baseline,11205208
Lotus,15128875
Baseline,1748458
Baseline,1312542
Lotus,7595167
Baseline,1442833
Lotus,7668041
Baseline,1820667
Lotus,8788458
Baseline,1787208
Baseline,2169750
Baseline,2509458
Baseline,34732917
Baseline,1002500
Baseline,1648875
Baseline,1606292
Lotus,6193333
Baseline,1422458
Baseline,1840666
Baseline,1249625
Baseline,1345292
Baseline,2075291
Baseline,1744500
Baseline,1942542
Lotus,10176834
Baseline,1467375
Lotus,7350000
Baseline,1468875
Baseline,1533542
Baseline,2300833
Baseline,1663417
Baseline,12445250
Baseline,1942458
Baseline,1915042
Lotus,9897875
Baseline,1507375
Baseline,2004833
Baseline,1604333
Baseline,55487041
Baseline,1009250
Baseline,1569791
Baseline,1590166
Baseline,1420708
Baseline,2127042
Baseline,1230750
Lotus,6993125
Baseline,987000
Baseline,1343250
Lotus,6789750
Baseline,1509250
Baseline,951541
Baseline,1241333
Baseline,1308833
Baseline,2171750
Baseline,1934292
Baseline,1890875
Baseline,2073750
Lotus,9607125
Baseline,2927750
Baseline,1819125
Lotus,6253833
Baseline,1873458
Baseline,1906958
Baseline,1512458
Lotus,7639333
Baseline,1596125
Baseline,1733083
Baseline,1660667
Baseline,1397833
Baseline,1183334
Baseline,1401292
Baseline,2175375
Baseline,1295584
Baseline,2013416
Baseline,1711625
Baseline,2146958
Lotus,9557333
Baseline,3164250
Baseline,1211667
Lotus,6005417
Baseline,2144542
Baseline,1261166
Baseline,1372791
Lotus,7083625
Baseline,958792
Baseline,3519083
Baseline,1458208
Baseline,1282125
Baseline,1547750
Lotus,8139584
Baseline,1545708
Baseline,1097334
Baseline,1346125
Lotus,6412250
Baseline,1980459
Baseline,1701792
Lotus,10158417
Baseline,2104084
Lotus,9490209
Baseline,2294833
Baseline,2314333
Baseline,1069500
Baseline,1809709
Baseline,1602916
Baseline,1182000
Baseline,1257625
Baseline,1303500
Baseline,1481917
Baseline,2080917
Lotus,8062167
Baseline,1281375
Baseline,2058958
Baseline,691167
Baseline,1139792
Baseline,1342666
Baseline,1074667
Baseline,1523167
Lotus,7469708
Baseline,1223584
Baseline,1477583
Baseline,2113167
Baseline,2262000
Baseline,1988959
Baseline,1268708
Baseline,1635833
Baseline,2148917
Baseline,1327333
Lotus,13806541
Baseline,1688709
Baseline,1721125
Baseline,2050167
Lotus,9539375
Baseline,1523250
Baseline,2104541
Baseline,1779500
Lotus,7643167
Baseline,2077166
Lotus,10134333
Baseline,2226083
Baseline,1988084
Baseline,2257000
Baseline,1954750
Baseline,1620250
Baseline,1488666
Baseline,3186708
Lotus,8904667
Baseline,1988333
Baseline,1105833
Lotus,5900125
Baseline,1234667
Lotus,6549792
Baseline,1760041
Baseline,2095416
Baseline,1458250
Baseline,1830458
Baseline,1504583
Baseline,1959292
Lotus,9903000
Baseline,2057458
Baseline,2012208
Lotus,9835500
Baseline,1951708
Baseline,1999250
Baseline,1806334
Baseline,2236709
Baseline,2471709
Baseline,2172125
Lotus,9352500
Baseline,1308000
Baseline,2318375
Baseline,8926750
Baseline,2812792
Baseline,1307500
Baseline,2008041
Baseline,1341958
Baseline,1159958
Baseline,1967125
Baseline,2219708
Baseline,1886792
Lotus,8397084
Baseline,1995250
Baseline,2480250
Baseline,2171667
Baseline,2285667
Baseline,2061041
Baseline,1717042
Baseline,1089000
Lotus,5711583
Baseline,2301875
Baseline,1075750
Lotus,4944125
Baseline,1852833
Baseline,1411875
Baseline,1080833
Baseline,2031291
Lotus,9922875
Baseline,1602666
Baseline,2206750
Lotus,10165625
Baseline,1320708
Baseline,1626042
Lotus,8771875
Baseline,2365125
Baseline,1368458
Baseline,1604708
Lotus,6859125
Baseline,1207333
Lotus,6507958
Baseline,1704542
Baseline,2010958
Baseline,2486875
Baseline,2101625
Baseline,1089625
Baseline,2007542
Baseline,36163459
Lotus,42530500
Baseline,965375
Baseline,828208
Baseline,1844292
Baseline,1987500
Baseline,1945125
Baseline,1494042
Baseline,2134042
Baseline,2515375
Baseline,2457333
Baseline,1598875
Baseline,1977625
Baseline,1148042
Baseline,2092625
Baseline,2086792
Baseline,2163917
Baseline,2510583
Baseline,1274666
Baseline,1985750
Baseline,2130083
Lotus,9716291
Baseline,2207917
Lotus,7395042
Baseline,1959542
Baseline,1579958
Lotus,6839042
Baseline,2329083
Baseline,2281291
Lotus,7881750
Baseline,2048959
Baseline,1277333
Baseline,1743458
Baseline,1776667
Lotus,6697917
Baseline,2017625
Baseline,1670417
Baseline,1847583
Baseline,1536208
Baseline,2216083
Baseline,2303292
Lotus,7607292
Baseline,2007916
Baseline,1305791
Baseline,2038667
Baseline,678958
Baseline,1206667
Baseline,1419625
Baseline,2100458
Baseline,2124917
Baseline,2106000
Baseline,1834167
Lotus,6952417
Baseline,1551750
Lotus,6575750
Baseline,1609625
Baseline,1569541
Baseline,1308625
Baseline,2067042
Lotus,10074750
Baseline,1454708
Baseline,2146792
Baseline,1697750
Baseline,1715792
Baseline,2115708
Lotus,9377333
Baseline,3060375
Baseline,1906792
Baseline,1973750
Baseline,1259375
Baseline,1209042
Baseline,2167000
Baseline,2066417
Baseline,1243166
Lotus,6447750
Baseline,1911542
Baseline,1202375
Baseline,1972416
Baseline,2448167
Baseline,1999375
Baseline,1653500
Baseline,1958459
Baseline,2121417
Lotus,7602917
Baseline,2050417
Lotus,9554792
Baseline,2002000
Baseline,2001917
Baseline,1359333
Lotus,6731666
Baseline,1714500
Baseline,1354625
Lotus,6726834
Baseline,1961625
Baseline,1475000
Lotus,7003375
Baseline,1971084
Baseline,1974042
Baseline,2008875
Baseline,888417
Baseline,994959
Baseline,1516000
Baseline,1517750
Baseline,2101166
Baseline,2045459
Baseline,2136875
Lotus,8649750
Baseline,2028167
Baseline,1642958
Baseline,2171084
Baseline,2615583
Baseline,2057083
Baseline,1486500
Baseline,1640291
Lotus,8517291
Baseline,1992334
Baseline,1974500
Lotus,9511708
Baseline,2123583
Baseline,2061709
Lotus,9945125
Baseline,1944250
Baseline,1974041
Lotus,9435416
Baseline,1690000
Baseline,1992459
Baseline,2004208
Lotus,8017583
Baseline,1484917
Baseline,1418083
Baseline,1975000
Baseline,1219333
Lotus,8052167
Baseline,2040875
Baseline,1242625
Baseline,2112792
Baseline,1490834
Baseline,1249750
Baseline,1242708
Baseline,1476416
Baseline,2249541
Baseline,1517917
Lotus,5488042
Baseline,1058375
Lotus,5861000
Baseline,2083875
Baseline,1631167
Baseline,1858083
Baseline,2262708
Lotus,11123166
Baseline,1225625
Baseline,1522667
Lotus,7810625
Baseline,1805458
Baseline,1534209
Baseline,1311750
Baseline,1412667
Baseline,1907459
Baseline,1461792
Lotus,6945750
Baseline,2928709
Baseline,1247042
Baseline,2007959
Baseline,1693458
Baseline,1811333
Baseline,2982417
Lotus,10536875
Baseline,1575125
Baseline,2035083
Baseline,1156250
Lotus,6114541
Baseline,2510375
Baseline,2112750
Baseline,1887375
Lotus,10175750
Baseline,1301917
Baseline,1377958
Baseline,1200250
Baseline,52316542
Baseline,1257833
Baseline,1518792
Baseline,1955917
Baseline,1656750
Baseline,2039792
Lotus,9589542
Baseline,2181750
Baseline,2205583
Baseline,3803167
Baseline,1861125
Baseline,1524791
Lotus,8520166
Baseline,3623334
Baseline,1199792
Baseline,1796917
Baseline,1388000
Baseline,1237834
Baseline,1432375
Baseline,1578667
Baseline,1487333
Baseline,1204500
Baseline,1448041
Baseline,2039125
Baseline,1167750
Baseline,2124583
Baseline,2061583
Baseline,2020625
Baseline,1904084
Baseline,2205125
Baseline,1642875
Lotus,7687000
Baseline,1484625
Lotus,6087292
Baseline,3342834
Baseline,1856333
Baseline,882333
Baseline,1262791
Baseline,1323917
Lotus,5369375
Baseline,1434083
Lotus,5682542
Baseline,926250
Lotus,7264084
Baseline,2826917
Baseline,685083
Baseline,1170542
Baseline,1847875
Baseline,1620166
Lotus,5983333
Baseline,1559917
Baseline,1111750
Baseline,2000208
Baseline,946708
Baseline,1050417
Baseline,1005500
Baseline,959125
Baseline,1019334
Baseline,2161042
Baseline,1417041
Baseline,954791
Baseline,1309500
Lotus,6339250
Baseline,1638000
Baseline,1462291
Baseline,1430667
Baseline,1244875
Lotus,6344542
Baseline,1610834
Baseline,2367750
Baseline,1694667
Baseline,2139208
Baseline,1801750
Baseline,1488250
Lotus,6237709
Baseline,1445792
Baseline,1085084
Baseline,1529291
Baseline,2064708
Lotus,9568667
Baseline,1233375
Baseline,1660084
Baseline,2266042
Baseline,1987000
Baseline,2034833
Lotus,11905542
Baseline,1937708
Baseline,1443917
Lotus,8879292
Baseline,1558250
Baseline,1869125
Lotus,9333209
Baseline,2531792
Baseline,1621750
Lotus,8969833
Baseline,2085541
Baseline,1353208
Baseline,1126584
Lotus,7008167
Baseline,1233333
Baseline,1236167
Baseline,2180875
Baseline,906500
Baseline,1101750
Baseline,1403125
Baseline,2134292
Baseline,1505875
Baseline,1429542
Baseline,1877250
Baseline,1600583
Lotus,7315833
Baseline,1551000
Lotus,6921875
Baseline,2112167
Baseline,52470625
Baseline,1245417
Baseline,1200833
Baseline,1783333
Baseline,2095292
Lotus,9609250
Baseline,839500
Lotus,4730750
Baseline,1240083
Baseline,1497833
Baseline,3009750
Lotus,8679250
Baseline,1486208
Baseline,990291
Lotus,4428208
Baseline,1126292
Baseline,1497208
Lotus,7362791
Baseline,2348459
Baseline,1337542
Lotus,6333709
Baseline,1081834
Baseline,1389417
Baseline,1631125
Baseline,1666958
Baseline,2184917
Baseline,1907084
Baseline,1801791
Baseline,1457375
Baseline,1500625
Baseline,1214125
Baseline,2607208
Lotus,8102292
Baseline,1298291
Lotus,8711166
Baseline,1266583
Lotus,6470500
Baseline,1890917
Baseline,1035417
Baseline,2049416
Baseline,1670583
Lotus,7593375
Baseline,2169833
Baseline,1896750
Baseline,1486583
Baseline,1362583
Baseline,1381875
Lotus,6632042
Baseline,1370166
Baseline,807125
Baseline,948167
Baseline,1232959
Baseline,2395875
Baseline,894917
Baseline,1341042
Baseline,54658334
Baseline,1558916
Lotus,5193416
Baseline,1520916
Lotus,6375666
Baseline,1067208
Baseline,1321791
Baseline,1073750
Lotus,6504917
Baseline,1235625
Baseline,1956792
Baseline,979208
Baseline,1272584
Baseline,1476041
Baseline,975083
Lotus,5089041
Baseline,1098708
Baseline,867459
Baseline,972334
Lotus,6101875
Baseline,1655500
Baseline,1514542
Baseline,832834
Baseline,1013333
Baseline,1256792
Baseline,1253166
Baseline,815750
Baseline,1433000
Baseline,1351333
Baseline,1089041
Baseline,1297875
Lotus,6730042
Baseline,1751209
Lotus,6778292
Baseline,1073041
Baseline,979250
Baseline,1725000
Baseline,1433750
Baseline,1216917
Baseline,1378750
Lotus,6820084
Baseline,1084500
Baseline,1975542
Baseline,1102291
Baseline,1625625
Baseline,976917
Baseline,945125
Lotus,6352041
Baseline,916333
Lotus,5551333
Baseline,1254708
Baseline,1287334
Baseline,1234709
Baseline,1447209
Lotus,7268584
Baseline,1545375
Baseline,1890125
Baseline,2061209
Baseline,1692125
Lotus,7336708
Baseline,1442625
Baseline,3585709
Baseline,895083
Baseline,1211542
Baseline,11642250
Baseline,1021875
Baseline,1334458
Baseline,1251000
Baseline,1457209
Lotus,6697209
Baseline,2248625
Baseline,2132875
Baseline,1677084
Baseline,58380042
Baseline,813542
Baseline,1302667
Baseline,2706958
Baseline,2325625
Baseline,2039791
Baseline,1729125
Baseline,2177292
Lotus,9265042
Baseline,1975833
Baseline,27805791
Lotus,33069166
Baseline,1183875
Baseline,1414125
Lotus,8533666
Baseline,1665042
Lotus,8257458
Baseline,2583750
Baseline,2635000
Lotus,8183750
Baseline,2493666
Baseline,2102875
Baseline,2390959
Lotus,8792584
Baseline,1921542
Baseline,1901875
Baseline,1633833
Baseline,1975250
Baseline,2036750
Baseline,1355000
Baseline,2355250
Baseline,1784250
Baseline,1149167
Baseline,1475291
Baseline,1809458
Baseline,1696292
Baseline,1855833
Lotus,9710000
Baseline,2137542
Baseline,1961167
Baseline,1860125
Baseline,1882625
Lotus,8971458
Baseline,1732125
Lotus,9109959
Baseline,5135167
Baseline,1905375
Baseline,1942625
Lotus,9969417
Baseline,1645667
Baseline,1879375
Baseline,1192250
Baseline,1672334
Baseline,1189333
Lotus,5659083
Baseline,1190709
Baseline,873916
Baseline,1590958
Baseline,2193083
Baseline,1682792
Lotus,7460125
Baseline,1416583
Baseline,1284958
Baseline,1457125
Baseline,1965708
Baseline,1610583
Baseline,4380667
Baseline,1791125
Baseline,1916375
Baseline,1797959
Baseline,1645209
Baseline,1463417
Baseline,1093333
Baseline,1395333
Baseline,32947000
Baseline,1083459
Lotus,4986667
Baseline,1144833
Baseline,1202708
Lotus,7302916
Baseline,1548500
Lotus,9493250
Baseline,2436166
Baseline,1681958
Baseline,3826583
Baseline,1320792
Baseline,5323292
Lotus,12336708
Baseline,1212250
Lotus,6688500
Baseline,1282125
Lotus,11638375
Baseline,1517791
Baseline,1622167
Baseline,1249166
Baseline,1361250
Baseline,1217000
Baseline,2392583
Baseline,1912750
Lotus,10737125
Baseline,1111000
Baseline,1218917
Baseline,1874542
Baseline,4958583
Baseline,977875
Baseline,1246666
Baseline,1395417
Baseline,1935875
Lotus,8662958
Baseline,1624708
Baseline,1167042
Lotus,6410959
Baseline,1762250
Baseline,1517833
Lotus,5856583
Baseline,1012459
Lotus,5225875
Baseline,1887375
Baseline,1276625
Baseline,1839875
Lotus,9317583
Baseline,1397000
Baseline,1996375
Lotus,8966250
Baseline,1899792
Baseline,2078209
Baseline,1468417
Lotus,7769833
Baseline,1810250
Lotus,7344333
Baseline,2310708
Lotus,7198458
Baseline,1280667
Baseline,1271000
Lotus,11049875
Baseline,2264625
Baseline,1335750
Baseline,1524334
Lotus,7565417
Baseline,1150459
Baseline,1154166
Lotus,6557750
Baseline,1698834
Baseline,9282292
Baseline,960375
Baseline,1582209
Lotus,7027042
Baseline,1492541
Baseline,1157500
Baseline,2000208
Baseline,1083583
Lotus,5756000
Baseline,1335917
Baseline,1484083
Baseline,2526666
Baseline,1959042
Baseline,1073125
Baseline,1717416
Baseline,1063417
Baseline,1600834
Baseline,1357667
Baseline,1617250
Lotus,8649167
Baseline,1647500
Baseline,1080917
Baseline,1183833
Baseline,1016458
Lotus,5197208
Baseline,1187000
Lotus,9044875
Baseline,1380417
Baseline,1405625
Baseline,1346292
Lotus,6808959
Baseline,1932583
Baseline,1971625
Baseline,1101042
Lotus,8602542
Baseline,5353959
Baseline,922459
Baseline,1267666
Baseline,1402666
Baseline,2089750
Baseline,2592542
Lotus,11066584
Baseline,2175792
Lotus,8562375
Baseline,1846125
Lotus,11084875
Baseline,1995958
Lotus,10064542
Baseline,1030500
Baseline,1350708
Baseline,5653125
Lotus,11800458
Baseline,848292
Baseline,1685625
Lotus,7281416
Baseline,2007167
Baseline,1591083
Baseline,1420500
Baseline,2289709
Baseline,652958
Baseline,29538208
Baseline,2995625
Baseline,835250
Baseline,914917
Baseline,1051667
Baseline,5675250
Baseline,4492666
Lotus,13867958
Baseline,4494375
Baseline,1107959
Baseline,992292
Baseline,844334
Baseline,1228375
Baseline,854666
Baseline,964042
Baseline,1262000
Lotus,9317583
Baseline,4489625
Baseline,656625
Baseline,1351916
Baseline,1342833
Lotus,5946666
Baseline,818208
Baseline,908291
Lotus,5289041
Baseline,2850125
Baseline,1122500
Lotus,4469000
Baseline,1087750
Baseline,984125
Baseline,3278750
Baseline,1420667
Baseline,1427500
Baseline,1158833
Baseline,1200375
Baseline,1062917
Baseline,1569375
Baseline,1329458
Baseline,2150125
Baseline,835375
Lotus,4377709
Baseline,1200500
Lotus,4739375
Baseline,1153250
Baseline,797250
Lotus,5635292
Baseline,870375
Baseline,553667
Baseline,606584
Baseline,769500
Baseline,596916
Baseline,763083
Lotus,4678417
Baseline,838542
Baseline,642417
Baseline,2001583
Baseline,685334
Baseline,587375
Baseline,727334
Lotus,3909584
Baseline,531750
Baseline,873750
Baseline,817958
Baseline,787000
Lotus,4295209
Baseline,859583
Baseline,853834
Baseline,958875
Baseline,1472292
Baseline,646250
Baseline,2705250
Baseline,587208
Baseline,589833
Lotus,6222750
Baseline,802292
Lotus,4389292
Baseline,655792
Baseline,755458
Lotus,3837292
Baseline,55180541
Baseline,522833
Baseline,612708
Baseline,618625
Baseline,1072167
Baseline,571417
Baseline,920916
Lotus,5922708
Baseline,559959
Lotus,7081042
Baseline,919000
Baseline,1801750
Baseline,944584
Baseline,540166
Baseline,764458
Lotus,4053041
Baseline,521958
Baseline,822334
Lotus,4145625
Baseline,1290583
Baseline,628458
Baseline,711750
Baseline,635083
Baseline,719000
Lotus,3540167
Baseline,841750
Baseline,1628625
Baseline,1327000
Baseline,1395917
Baseline,1329750
Lotus,5188834
Baseline,651542
Baseline,735667
Baseline,1312417
Lotus,5632250
Baseline,1058292
Baseline,837167
Lotus,5408042
Baseline,1203542
Baseline,630292
Lotus,3364042
Baseline,736458
Baseline,1305792
Lotus,8985833
Baseline,1844291
Lotus,5873541
Baseline,3098459
Baseline,1698292
Baseline,768625
Baseline,961333
Baseline,737500
Lotus,4461500
Baseline,665125
Baseline,1267500
Baseline,2796709
Baseline,921625
Lotus,4292209
Baseline,696875
Baseline,1921333
Baseline,601250
Baseline,972208
Baseline,1353791
Baseline,690709
Baseline,1111709
Baseline,992041
Lotus,5702083
Baseline,965750
Lotus,4784167
Baseline,1451416
Baseline,1471833
Baseline,1976916
Lotus,9401250
Baseline,1329709
Baseline,3232083
Baseline,814375
Baseline,985667
Lotus,5758625
Baseline,978625
Lotus,4600792
Baseline,1319000
Lotus,5375250
Baseline,935291
Baseline,1568667
Lotus,7296375
Baseline,1357250
Baseline,929542
Baseline,1070125
Baseline,1737792
Lotus,6661667
Baseline,884625
Baseline,2045458
Baseline,1930208
Lotus,7681625
Baseline,1907208
Lotus,9985708
Baseline,1955875
Baseline,1621709
Baseline,1233625
Baseline,1390833
Baseline,1018167
Baseline,1262084
Baseline,878208
Baseline,934000
Lotus,4457292
Baseline,1056584
Baseline,12292667
Lotus,17196417
Baseline,1290083
Baseline,3078333
Baseline,803125
Lotus,4054167
Baseline,1018625
Baseline,1837417
Baseline,1620709
Baseline,2168417
Baseline,1945334
Baseline,1055417
Baseline,2369083
Baseline,961500
Baseline,1091791
Baseline,635500
Lotus,3754666
Baseline,933000
Baseline,1883583
Baseline,1463292
Lotus,8538125
Baseline,2098542
Baseline,1677958
Baseline,1357292
Baseline,1586750
Lotus,8664750
Baseline,3390167
Baseline,2374333
Baseline,2001333
Baseline,1155042
Baseline,1587917
Baseline,929959
Baseline,1952667
Baseline,1304958
Baseline,617042
Baseline,751333
Baseline,1097417
Baseline,1258500
Lotus,4813125
Baseline,970250
Baseline,1306166
Baseline,1415333
Baseline,1920000
Lotus,6864709
Baseline,1358958
Baseline,1994000
Baseline,1118833
Baseline,1064958
Baseline,1066042
Baseline,1711917
Lotus,7745500
Baseline,1479542
Baseline,591542
Baseline,829125
Baseline,1434459
Baseline,1345583
Baseline,986709
Baseline,993875
Baseline,1272375
Baseline,1674167
Baseline,3238583
Baseline,1840167
Baseline,1249666
Baseline,1899667
Baseline,1289792
Baseline,1377709
Baseline,2853333
Baseline,1953583
Baseline,1838167
Baseline,1893666
Baseline,1468250
Lotus,6595250
Baseline,568791
Baseline,594167
Baseline,885250
Baseline,1590291
Baseline,561084
Lotus,3107125
Baseline,606708
Baseline,794041
Lotus,5252916
Baseline,1458208
Baseline,1944458
Baseline,3676375
Baseline,1243875
Baseline,1648917
Baseline,1655625
Baseline,1343042
Baseline,1117959
Baseline,1415000
Baseline,1014917
Baseline,1630625
Baseline,1575125
Baseline,1304875
Baseline,1106500
Baseline,2315000
Baseline,1696083
Baseline,1193708
Baseline,1989917
Baseline,1739750
Baseline,1160625
Lotus,5903250
Baseline,1465250
Baseline,1087208
Baseline,1072333
Baseline,2337917
Lotus,7548000
Baseline,2852625
Lotus,9465041
Baseline,1016291
Baseline,1151292
Baseline,1116958
Baseline,1386042
Baseline,1270208
Baseline,1603750
Baseline,1346083
Baseline,1363625
Baseline,2159250
Baseline,1979917
Baseline,1630541
Baseline,1716041
Baseline,1593167
Baseline,2166292
Baseline,1112875
Lotus,6013542
Baseline,1200167
Baseline,1062666
Lotus,5437750
Baseline,872041
Lotus,4918416
Baseline,665959
Lotus,4166584
Baseline,659000
Baseline,979792
Baseline,19109583
Lotus,21666166
Baseline,467500
Baseline,1031958
Baseline,1944542
Baseline,856292
Baseline,1710459
Baseline,1518709
Baseline,1554667
Baseline,6423375
Baseline,775208
Baseline,840542
Lotus,5251875
Baseline,1005834
Lotus,5306292
Baseline,690542
Lotus,3345792
Baseline,859916
Lotus,3487125
Baseline,778000
Baseline,706834
Baseline,884125
Baseline,681250
Baseline,2409084
Baseline,580416
Baseline,1420958
Baseline,2537000
Baseline,635625
Baseline,734542
Baseline,767208
Baseline,616208
Lotus,3736542
Baseline,580625
Baseline,715625
Baseline,1029125
Lotus,5921250
Baseline,707625
Baseline,659584
Baseline,636083
Lotus,3542208
Baseline,958375
Baseline,1005458
Baseline,1058291
Baseline,808417
Baseline,717042
Baseline,986667
Baseline,1121875
Lotus,4698125
Baseline,819125
Lotus,3707584
Baseline,741208
Baseline,1098125
Baseline,1039833
Baseline,1055417
Lotus,5009542
Baseline,1134125
Baseline,2263875
Baseline,1077750
Lotus,4692333
Baseline,842292
Baseline,662750
Baseline,581958
Baseline,690041
Baseline,823958
Baseline,30530250
Lotus,35744417
Baseline,571208
Baseline,630417
Baseline,544375
Baseline,588125
Baseline,584792
Lotus,3661959
Baseline,2095833
Lotus,16821666
Baseline,732125
Baseline,793042
Lotus,3838125
Baseline,1532875
Lotus,7012125
Baseline,553208
Baseline,898458
Baseline,709958
Lotus,5296958
Baseline,879708
Baseline,830750
Lotus,4313291
Baseline,935334
Baseline,794625
Lotus,4448458
Baseline,788167
Baseline,663959
Lotus,3725917
Baseline,736459
Baseline,618625
Baseline,1008083
Lotus,5304500
Baseline,1059875
Lotus,4485708
Baseline,739292
Baseline,738583
Baseline,704750
Lotus,3852000
Baseline,774875
Baseline,765250
Baseline,902083
Baseline,954708
Baseline,928917
Lotus,17187667
Baseline,1123667
Baseline,1068500
Baseline,1146417
Lotus,6242625
Baseline,963250
Baseline,1119542
Baseline,1531167
Lotus,8511208
Baseline,1881500
Baseline,1894916
Baseline,786334
Baseline,934541
Baseline,1302833
Baseline,1436291
Baseline,1065250
Baseline,1004250
Baseline,943209
Baseline,865167
Baseline,850125
Baseline,1560500
Baseline,875250
Baseline,1061042
Baseline,1086125
Lotus,5191042
Baseline,938750
Baseline,700041
Lotus,3968958
Baseline,905208
Baseline,1723375
Baseline,1570709
Lotus,6374667
Baseline,3949458
Baseline,650166
Baseline,678125
Lotus,3509167
Baseline,982625
Baseline,1746333
Lotus,9130875
Baseline,1604042
Baseline,617916
Baseline,873750
Lotus,4933542
Baseline,670458
Baseline,888875
Baseline,1167250
Baseline,1575666
Baseline,757583
Baseline,894125
Lotus,5289417
Baseline,20426084
Baseline,525250
Baseline,4983000
Baseline,22310000
Baseline,662209
Baseline,1472000
Baseline,905083
Baseline,2033083
Lotus,6687750
Baseline,702333
Baseline,7507791
Lotus,17405000
Baseline,572791
Lotus,3240666
Baseline,695125
Baseline,818083
Lotus,3674333
Baseline,1026917
Lotus,4298334
Baseline,2570291
Baseline,650375
Baseline,946083
Lotus,4115208
Baseline,806166
Baseline,1690167
Lotus,10005584
Baseline,2310667
Lotus,9224708
Baseline,2157875
Baseline,1774542
Baseline,1865375
Baseline,634333
Baseline,850750
Baseline,1260500
Lotus,5399625
Baseline,2019167
Baseline,1192750
Baseline,1373958
Baseline,1673125
Baseline,2005708
Lotus,10278167
Baseline,1537084
Baseline,3209375
Baseline,787167
Baseline,1583042
Baseline,1639958
Baseline,1554833
Baseline,1456625
Baseline,2155750
Baseline,1281584
Baseline,1935291
Baseline,1777459
Baseline,1906042
Baseline,2074083
Baseline,1855125
Baseline,1942292
Baseline,1297083
Baseline,986167
Lotus,6611209
Baseline,1623834
Baseline,1846500
Lotus,8851916
Baseline,2248542
Baseline,1102083
Baseline,2471500
Baseline,1367667
Baseline,1462500
Lotus,8105167
Baseline,1154875
Lotus,8098583
Baseline,2211875
Baseline,1968125
Baseline,761459
Lotus,3476542
Baseline,1234917
Lotus,6970334
Baseline,1879584
Baseline,1763459
Lotus,9058292
Baseline,1928208
Baseline,1889417
Baseline,1886291
Lotus,9833041
Baseline,1192833
Baseline,1299458
Lotus,8206750
Baseline,1345792
Lotus,6301208
Baseline,1920333
Baseline,2308833
Baseline,1582458
Baseline,1177542
Lotus,6955959
Baseline,1746292
Baseline,2005417
Lotus,8765708
Baseline,1329000
Lotus,9999333
Baseline,1910875
Baseline,3080625
Lotus,9004875
Baseline,1401542
Baseline,1954917
Baseline,2186167
Baseline,2578708
Lotus,7971291
Baseline,1378583
Baseline,2593458
Baseline,1861209
Baseline,1235417
Baseline,3011458
Baseline,2126917
Baseline,1986084
Baseline,1820958
Baseline,1715625
Baseline,15289625
Baseline,1223125
Baseline,1340959
Lotus,7270250
Baseline,1406458
Baseline,2601792
Baseline,1313542
Baseline,1903084
Baseline,1768458
Baseline,2311416
Baseline,1746500
Baseline,602625
Baseline,1004500
Lotus,10008250
Baseline,2045250
Baseline,2591042
Baseline,1985667
Baseline,1667125
Baseline,1879917
Baseline,2231000
Baseline,1974375
Lotus,7631125
Baseline,1207084
Baseline,1804167
Baseline,1463542
Baseline,717042
Baseline,1042458
Baseline,1992250
Baseline,1454042
Baseline,1944083
Baseline,1699250
Baseline,1917500
Baseline,48358375
Lotus,51473708
Baseline,1209458
Baseline,1190500
Baseline,1265958
Baseline,1679083
Baseline,1867708
Baseline,1747541
Baseline,1341667
Baseline,1905792
Baseline,1885458
Baseline,1721959
Lotus,7822334
Baseline,1852667
Baseline,2027166
Baseline,1887291
Baseline,1903417
Lotus,9237833
Baseline,1047958
Baseline,1132375
Baseline,675958
Lotus,3412916
Baseline,888959
Lotus,4235875
Baseline,1708542
Baseline,1125542
Baseline,1433250
Baseline,2172166
Baseline,1224084
Baseline,4285000
Lotus,9668792
Baseline,1043750
Lotus,5851791
Baseline,2855792
Lotus,7791542
Baseline,1674792
Baseline,33482083
Baseline,795167
Baseline,1615083
Baseline,2512416
Baseline,2166584
Baseline,34037167
Baseline,942875
Baseline,1428500
Baseline,591542
Baseline,579291
Baseline,1095250
Lotus,4458292
Baseline,1853000
Lotus,10025417
Baseline,2330250
Baseline,1495083
